frame.time_epoch,eth.src,eth.dst,arp.opcode,arp.src.hw_mac,arp.src.proto_ipv4,arp.dst.hw_mac,arp.dst.proto_ipv4,arp.isgratuitous
1778231098.303732905,00:e0:4c:36:70:d5,ff:ff:ff:ff:ff:ff,1,00:e0:4c:36:70:d5,0.0.0.0,00:00:00:00:00:00,192.168.1.5,
1778231098.369830417,00:e0:4c:36:70:d5,ff:ff:ff:ff:ff:ff,1,00:e0:4c:36:70:d5,0.0.0.0,00:00:00:00:00:00,192.168.1.5,
1778231098.423754117,00:e0:4c:36:70:d5,ff:ff:ff:ff:ff:ff,1,00:e0:4c:36:70:d5,0.0.0.0,00:00:00:00:00:00,192.168.1.5,
1778231098.534691808,00:e0:4c:36:70:d5,ff:ff:ff:ff:ff:ff,1,00:e0:4c:36:70:d5,192.168.1.5,00:00:00:00:00:00,192.168.1.5,True
1778231100.534900502,00:e0:4c:36:70:d5,ff:ff:ff:ff:ff:ff,1,00:e0:4c:36:70:d5,192.168.1.5,00:00:00:00:00:00,192.168.1.5,True
1778231102.535152016,00:e0:4c:36:70:d5,ff:ff:ff:ff:ff:ff,1,00:e0:4c:36:70:d5,192.168.1.5,00:00:00:00:00:00,192.168.1.5,True
1778231128.246285565,00:e0:4c:36:70:d5,ff:ff:ff:ff:ff:ff,1,00:e0:4c:36:70:d5,192.168.1.5,00:00:00:00:00:00,192.168.1.1,
1778231128.247701393,44:fb:5a:d1:93:49,00:e0:4c:36:70:d5,2,44:fb:5a:d1:93:49,192.168.1.1,00:e0:4c:36:70:d5,192.168.1.5,
1778231133.259767549,44:fb:5a:d1:93:49,00:e0:4c:36:70:d5,1,44:fb:5a:d1:93:49,192.168.1.1,00:00:00:00:00:00,192.168.1.5,
1778231133.259782988,00:e0:4c:36:70:d5,44:fb:5a:d1:93:49,2,00:e0:4c:36:70:d5,192.168.1.5,44:fb:5a:d1:93:49,192.168.1.1,
1778231142.439556826,72:8d:bc:2b:01:66,ff:ff:ff:ff:ff:ff,1,72:8d:bc:2b:01:66,192.168.1.9,00:00:00:00:00:00,192.168.1.1,
1778231142.439557007,72:8d:bc:2b:01:66,ff:ff:ff:ff:ff:ff,1,72:8d:bc:2b:01:66,192.168.1.9,00:00:00:00:00:00,192.168.1.2,
1778231142.439557077,72:8d:bc:2b:01:66,ff:ff:ff:ff:ff:ff,1,72:8d:bc:2b:01:66,192.168.1.9,00:00:00:00:00:00,192.168.1.3,
1778231142.439907575,72:8d:bc:2b:01:66,ff:ff:ff:ff:ff:ff,1,72:8d:bc:2b:01:66,192.168.1.9,00:00:00:00:00:00,192.168.1.4,
1778231142.439907705,72:8d:bc:2b:01:66,ff:ff:ff:ff:ff:ff,1,72:8d:bc:2b:01:66,192.168.1.9,00:00:00:00:00:00,192.168.1.5,
1778231142.439922603,00:e0:4c:36:70:d5,72:8d:bc:2b:01:66,2,00:e0:4c:36:70:d5,192.168.1.5,72:8d:bc:2b:01:66,192.168.1.9,
1778231142.439907756,72:8d:bc:2b:01:66,ff:ff:ff:ff:ff:ff,1,72:8d:bc:2b:01:66,192.168.1.9,00:00:00:00:00:00,192.168.1.6,
1778231142.439907796,72:8d:bc:2b:01:66,ff:ff:ff:ff:ff:ff,1,72:8d:bc:2b:01:66,192.168.1.9,00:00:00:00:00:00,192.168.1.7,
1778231142.440439192,72:8d:bc:2b:01:66,ff:ff:ff:ff:ff:ff,1,72:8d:bc:2b:01:66,192.168.1.9,00:00:00:00:00:00,192.168.1.8,
1778231142.440439322,72:8d:bc:2b:01:66,ff:ff:ff:ff:ff:ff,1,72:8d:bc:2b:01:66,192.168.1.9,00:00:00:00:00:00,192.168.1.10,
1778231142.440439373,72:8d:bc:2b:01:66,ff:ff:ff:ff:ff:ff,1,72:8d:bc:2b:01:66,192.168.1.9,00:00:00:00:00:00,192.168.1.11,
1778231142.443069647,72:8d:bc:2b:01:66,ff:ff:ff:ff:ff:ff,1,72:8d:bc:2b:01:66,192.168.1.9,00:00:00:00:00:00,192.168.1.14,
1778231142.443069767,72:8d:bc:2b:01:66,ff:ff:ff:ff:ff:ff,1,72:8d:bc:2b:01:66,192.168.1.9,00:00:00:00:00:00,192.168.1.15,
1778231142.443069817,72:8d:bc:2b:01:66,ff:ff:ff:ff:ff:ff,1,72:8d:bc:2b:01:66,192.168.1.9,00:00:00:00:00:00,192.168.1.16,
1778231142.443069867,72:8d:bc:2b:01:66,ff:ff:ff:ff:ff:ff,1,72:8d:bc:2b:01:66,192.168.1.9,00:00:00:00:00:00,192.168.1.17,
1778231142.539680357,72:8d:bc:2b:01:66,ff:ff:ff:ff:ff:ff,1,72:8d:bc:2b:01:66,192.168.1.9,00:00:00:00:00:00,192.168.1.20,
1778231142.539680537,72:8d:bc:2b:01:66,ff:ff:ff:ff:ff:ff,1,72:8d:bc:2b:01:66,192.168.1.9,00:00:00:00:00:00,192.168.1.21,
1778231142.539680617,72:8d:bc:2b:01:66,ff:ff:ff:ff:ff:ff,1,72:8d:bc:2b:01:66,192.168.1.9,00:00:00:00:00:00,192.168.1.22,
1778231142.539680688,72:8d:bc:2b:01:66,ff:ff:ff:ff:ff:ff,1,72:8d:bc:2b:01:66,192.168.1.9,00:00:00:00:00:00,192.168.1.23,
1778231142.540098872,72:8d:bc:2b:01:66,ff:ff:ff:ff:ff:ff,1,72:8d:bc:2b:01:66,192.168.1.9,00:00:00:00:00:00,192.168.1.24,
1778231142.540099062,72:8d:bc:2b:01:66,ff:ff:ff:ff:ff:ff,1,72:8d:bc:2b:01:66,192.168.1.9,00:00:00:00:00:00,192.168.1.25,
1778231142.540099132,72:8d:bc:2b:01:66,ff:ff:ff:ff:ff:ff,1,72:8d:bc:2b:01:66,192.168.1.9,00:00:00:00:00:00,192.168.1.26,
1778231142.540099213,72:8d:bc:2b:01:66,ff:ff:ff:ff:ff:ff,1,72:8d:bc:2b:01:66,192.168.1.9,00:00:00:00:00:00,192.168.1.27,
1778231142.543141390,72:8d:bc:2b:01:66,ff:ff:ff:ff:ff:ff,1,72:8d:bc:2b:01:66,192.168.1.9,00:00:00:00:00:00,192.168.1.30,
1778231142.543141520,72:8d:bc:2b:01:66,ff:ff:ff:ff:ff:ff,1,72:8d:bc:2b:01:66,192.168.1.9,00:00:00:00:00:00,192.168.1.31,
1778231142.543141570,72:8d:bc:2b:01:66,ff:ff:ff:ff:ff:ff,1,72:8d:bc:2b:01:66,192.168.1.9,00:00:00:00:00:00,192.168.1.32,
1778231142.543141621,72:8d:bc:2b:01:66,ff:ff:ff:ff:ff:ff,1,72:8d:bc:2b:01:66,192.168.1.9,00:00:00:00:00:00,192.168.1.33,
1778231142.579874250,72:8d:bc:2b:01:66,ff:ff:ff:ff:ff:ff,1,72:8d:bc:2b:01:66,192.168.1.9,00:00:00:00:00:00,192.168.1.36,
1778231142.579874471,72:8d:bc:2b:01:66,ff:ff:ff:ff:ff:ff,1,72:8d:bc:2b:01:66,192.168.1.9,00:00:00:00:00:00,192.168.1.37,
1778231142.579874571,72:8d:bc:2b:01:66,ff:ff:ff:ff:ff:ff,1,72:8d:bc:2b:01:66,192.168.1.9,00:00:00:00:00:00,192.168.1.38,
1778231142.579874651,72:8d:bc:2b:01:66,ff:ff:ff:ff:ff:ff,1,72:8d:bc:2b:01:66,192.168.1.9,00:00:00:00:00:00,192.168.1.39,
1778231142.580337530,72:8d:bc:2b:01:66,ff:ff:ff:ff:ff:ff,1,72:8d:bc:2b:01:66,192.168.1.9,00:00:00:00:00:00,192.168.1.40,
1778231142.707434233,72:8d:bc:2b:01:66,ff:ff:ff:ff:ff:ff,1,72:8d:bc:2b:01:66,192.168.1.9,00:00:00:00:00:00,192.168.1.43,
1778231142.707434413,72:8d:bc:2b:01:66,ff:ff:ff:ff:ff:ff,1,72:8d:bc:2b:01:66,192.168.1.9,00:00:00:00:00:00,192.168.1.44,
1778231142.707434493,72:8d:bc:2b:01:66,ff:ff:ff:ff:ff:ff,1,72:8d:bc:2b:01:66,192.168.1.9,00:00:00:00:00:00,192.168.1.45,
1778231142.707434563,72:8d:bc:2b:01:66,ff:ff:ff:ff:ff:ff,1,72:8d:bc:2b:01:66,192.168.1.9,00:00:00:00:00:00,192.168.1.46,
1778231142.707775141,72:8d:bc:2b:01:66,ff:ff:ff:ff:ff:ff,1,72:8d:bc:2b:01:66,192.168.1.9,00:00:00:00:00:00,192.168.1.47,
1778231142.707775332,72:8d:bc:2b:01:66,ff:ff:ff:ff:ff:ff,1,72:8d:bc:2b:01:66,192.168.1.9,00:00:00:00:00:00,192.168.1.48,
1778231142.707775412,72:8d:bc:2b:01:66,ff:ff:ff:ff:ff:ff,1,72:8d:bc:2b:01:66,192.168.1.9,00:00:00:00:00:00,192.168.1.49,
1778231142.707775482,72:8d:bc:2b:01:66,ff:ff:ff:ff:ff:ff,1,72:8d:bc:2b:01:66,192.168.1.9,00:00:00:00:00:00,192.168.1.50,
1778231142.710810717,72:8d:bc:2b:01:66,ff:ff:ff:ff:ff:ff,1,72:8d:bc:2b:01:66,192.168.1.9,00:00:00:00:00:00,192.168.1.53,
1778231142.710810907,72:8d:bc:2b:01:66,ff:ff:ff:ff:ff:ff,1,72:8d:bc:2b:01:66,192.168.1.9,00:00:00:00:00:00,192.168.1.54,
1778231142.710810977,72:8d:bc:2b:01:66,ff:ff:ff:ff:ff:ff,1,72:8d:bc:2b:01:66,192.168.1.9,00:00:00:00:00:00,192.168.1.55,
1778231142.710811048,72:8d:bc:2b:01:66,ff:ff:ff:ff:ff:ff,1,72:8d:bc:2b:01:66,192.168.1.9,00:00:00:00:00:00,192.168.1.56,
1778231142.747805558,72:8d:bc:2b:01:66,ff:ff:ff:ff:ff:ff,1,72:8d:bc:2b:01:66,192.168.1.9,00:00:00:00:00:00,192.168.1.59,
1778231142.747805858,72:8d:bc:2b:01:66,ff:ff:ff:ff:ff:ff,1,72:8d:bc:2b:01:66,192.168.1.9,00:00:00:00:00:00,192.168.1.60,
1778231142.747805989,72:8d:bc:2b:01:66,ff:ff:ff:ff:ff:ff,1,72:8d:bc:2b:01:66,192.168.1.9,00:00:00:00:00:00,192.168.1.61,
1778231142.747806119,72:8d:bc:2b:01:66,ff:ff:ff:ff:ff:ff,1,72:8d:bc:2b:01:66,192.168.1.9,00:00:00:00:00:00,192.168.1.62,
1778231142.748286912,72:8d:bc:2b:01:66,ff:ff:ff:ff:ff:ff,1,72:8d:bc:2b:01:66,192.168.1.9,00:00:00:00:00:00,192.168.1.63,
1778231142.791360467,72:8d:bc:2b:01:66,ff:ff:ff:ff:ff:ff,1,72:8d:bc:2b:01:66,192.168.1.9,00:00:00:00:00:00,192.168.1.66,
1778231142.791360658,72:8d:bc:2b:01:66,ff:ff:ff:ff:ff:ff,1,72:8d:bc:2b:01:66,192.168.1.9,00:00:00:00:00:00,192.168.1.67,
1778231142.791360738,72:8d:bc:2b:01:66,ff:ff:ff:ff:ff:ff,1,72:8d:bc:2b:01:66,192.168.1.9,00:00:00:00:00:00,192.168.1.68,
1778231142.791849635,72:8d:bc:2b:01:66,ff:ff:ff:ff:ff:ff,1,72:8d:bc:2b:01:66,192.168.1.9,00:00:00:00:00:00,192.168.1.69,
1778231142.791849905,72:8d:bc:2b:01:66,ff:ff:ff:ff:ff:ff,1,72:8d:bc:2b:01:66,192.168.1.9,00:00:00:00:00:00,192.168.1.70,
1778231142.791850025,72:8d:bc:2b:01:66,ff:ff:ff:ff:ff:ff,1,72:8d:bc:2b:01:66,192.168.1.9,00:00:00:00:00:00,192.168.1.71,
1778231142.791850125,72:8d:bc:2b:01:66,ff:ff:ff:ff:ff:ff,1,72:8d:bc:2b:01:66,192.168.1.9,00:00:00:00:00:00,192.168.1.72,
1778231142.792332360,72:8d:bc:2b:01:66,ff:ff:ff:ff:ff:ff,1,72:8d:bc:2b:01:66,192.168.1.9,00:00:00:00:00:00,192.168.1.73,
1778231142.798398891,72:8d:bc:2b:01:66,ff:ff:ff:ff:ff:ff,1,72:8d:bc:2b:01:66,192.168.1.9,00:00:00:00:00:00,192.168.1.76,
1778231142.798399092,72:8d:bc:2b:01:66,ff:ff:ff:ff:ff:ff,1,72:8d:bc:2b:01:66,192.168.1.9,00:00:00:00:00:00,192.168.1.77,
1778231142.798399182,72:8d:bc:2b:01:66,ff:ff:ff:ff:ff:ff,1,72:8d:bc:2b:01:66,192.168.1.9,00:00:00:00:00:00,192.168.1.78,
1778231142.798399262,72:8d:bc:2b:01:66,ff:ff:ff:ff:ff:ff,1,72:8d:bc:2b:01:66,192.168.1.9,00:00:00:00:00:00,192.168.1.79,
1778231142.798797820,72:8d:bc:2b:01:66,ff:ff:ff:ff:ff:ff,1,72:8d:bc:2b:01:66,192.168.1.9,00:00:00:00:00:00,192.168.1.80,
1778231142.798798030,72:8d:bc:2b:01:66,ff:ff:ff:ff:ff:ff,1,72:8d:bc:2b:01:66,192.168.1.9,00:00:00:00:00:00,192.168.1.81,
1778231142.798798100,72:8d:bc:2b:01:66,ff:ff:ff:ff:ff:ff,1,72:8d:bc:2b:01:66,192.168.1.9,00:00:00:00:00:00,192.168.1.82,
1778231143.428222762,72:8d:bc:2b:01:66,ff:ff:ff:ff:ff:ff,1,72:8d:bc:2b:01:66,192.168.1.9,00:00:00:00:00:00,192.168.1.17,
1778231143.428223003,72:8d:bc:2b:01:66,ff:ff:ff:ff:ff:ff,1,72:8d:bc:2b:01:66,192.168.1.9,00:00:00:00:00:00,192.168.1.85,
1778231143.428223112,72:8d:bc:2b:01:66,ff:ff:ff:ff:ff:ff,1,72:8d:bc:2b:01:66,192.168.1.9,00:00:00:00:00:00,192.168.1.86,
1778231143.428223203,72:8d:bc:2b:01:66,ff:ff:ff:ff:ff:ff,1,72:8d:bc:2b:01:66,192.168.1.9,00:00:00:00:00:00,192.168.1.87,
1778231143.428478462,72:8d:bc:2b:01:66,ff:ff:ff:ff:ff:ff,1,72:8d:bc:2b:01:66,192.168.1.9,00:00:00:00:00:00,192.168.1.88,
1778231143.428478592,72:8d:bc:2b:01:66,ff:ff:ff:ff:ff:ff,1,72:8d:bc:2b:01:66,192.168.1.9,00:00:00:00:00:00,192.168.1.89,
1778231143.428478642,72:8d:bc:2b:01:66,ff:ff:ff:ff:ff:ff,1,72:8d:bc:2b:01:66,192.168.1.9,00:00:00:00:00:00,192.168.1.90,
1778231143.428478692,72:8d:bc:2b:01:66,ff:ff:ff:ff:ff:ff,1,72:8d:bc:2b:01:66,192.168.1.9,00:00:00:00:00:00,192.168.1.91,
1778231143.431010442,72:8d:bc:2b:01:66,ff:ff:ff:ff:ff:ff,1,72:8d:bc:2b:01:66,192.168.1.9,00:00:00:00:00:00,192.168.1.94,
1778231143.431010643,72:8d:bc:2b:01:66,ff:ff:ff:ff:ff:ff,1,72:8d:bc:2b:01:66,192.168.1.9,00:00:00:00:00:00,192.168.1.95,
1778231143.431010713,72:8d:bc:2b:01:66,ff:ff:ff:ff:ff:ff,1,72:8d:bc:2b:01:66,192.168.1.9,00:00:00:00:00:00,192.168.1.96,
1778231143.431010793,72:8d:bc:2b:01:66,ff:ff:ff:ff:ff:ff,1,72:8d:bc:2b:01:66,192.168.1.9,00:00:00:00:00:00,192.168.1.97,
1778231143.467741908,72:8d:bc:2b:01:66,ff:ff:ff:ff:ff:ff,1,72:8d:bc:2b:01:66,192.168.1.9,00:00:00:00:00:00,192.168.1.100,
1778231143.467742038,72:8d:bc:2b:01:66,ff:ff:ff:ff:ff:ff,1,72:8d:bc:2b:01:66,192.168.1.9,00:00:00:00:00:00,192.168.1.101,
1778231143.467742088,72:8d:bc:2b:01:66,ff:ff:ff:ff:ff:ff,1,72:8d:bc:2b:01:66,192.168.1.9,00:00:00:00:00:00,192.168.1.102,
1778231143.467742138,72:8d:bc:2b:01:66,ff:ff:ff:ff:ff:ff,1,72:8d:bc:2b:01:66,192.168.1.9,00:00:00:00:00:00,192.168.1.103,
1778231143.467917026,72:8d:bc:2b:01:66,ff:ff:ff:ff:ff:ff,1,72:8d:bc:2b:01:66,192.168.1.9,00:00:00:00:00:00,192.168.1.104,
1778231143.511626122,72:8d:bc:2b:01:66,ff:ff:ff:ff:ff:ff,1,72:8d:bc:2b:01:66,192.168.1.9,00:00:00:00:00:00,192.168.1.107,
1778231143.511626242,72:8d:bc:2b:01:66,ff:ff:ff:ff:ff:ff,1,72:8d:bc:2b:01:66,192.168.1.9,00:00:00:00:00:00,192.168.1.108,
1778231143.511626292,72:8d:bc:2b:01:66,ff:ff:ff:ff:ff:ff,1,72:8d:bc:2b:01:66,192.168.1.9,00:00:00:00:00:00,192.168.1.109,
1778231143.511626342,72:8d:bc:2b:01:66,ff:ff:ff:ff:ff:ff,1,72:8d:bc:2b:01:66,192.168.1.9,00:00:00:00:00:00,192.168.1.110,
1778231143.511961832,72:8d:bc:2b:01:66,ff:ff:ff:ff:ff:ff,1,72:8d:bc:2b:01:66,192.168.1.9,00:00:00:00:00:00,192.168.1.111,
1778231143.513550682,72:8d:bc:2b:01:66,ff:ff:ff:ff:ff:ff,1,72:8d:bc:2b:01:66,192.168.1.9,00:00:00:00:00:00,192.168.1.114,
1778231143.513550823,72:8d:bc:2b:01:66,ff:ff:ff:ff:ff:ff,1,72:8d:bc:2b:01:66,192.168.1.9,00:00:00:00:00:00,192.168.1.115,
1778231143.513550873,72:8d:bc:2b:01:66,ff:ff:ff:ff:ff:ff,1,72:8d:bc:2b:01:66,192.168.1.9,00:00:00:00:00:00,192.168.1.116,
1778231143.518636694,72:8d:bc:2b:01:66,ff:ff:ff:ff:ff:ff,1,72:8d:bc:2b:01:66,192.168.1.9,00:00:00:00:00:00,192.168.1.119,
1778231143.518636864,72:8d:bc:2b:01:66,ff:ff:ff:ff:ff:ff,1,72:8d:bc:2b:01:66,192.168.1.9,00:00:00:00:00:00,192.168.1.120,
1778231143.518636924,72:8d:bc:2b:01:66,ff:ff:ff:ff:ff:ff,1,72:8d:bc:2b:01:66,192.168.1.9,00:00:00:00:00:00,192.168.1.121,
1778231143.518636984,72:8d:bc:2b:01:66,ff:ff:ff:ff:ff:ff,1,72:8d:bc:2b:01:66,192.168.1.9,00:00:00:00:00:00,192.168.1.122,
1778231143.518637044,72:8d:bc:2b:01:66,ff:ff:ff:ff:ff:ff,1,72:8d:bc:2b:01:66,192.168.1.9,00:00:00:00:00:00,192.168.1.123,
1778231143.519325335,72:8d:bc:2b:01:66,ff:ff:ff:ff:ff:ff,1,72:8d:bc:2b:01:66,192.168.1.9,00:00:00:00:00:00,192.168.1.124,
1778231143.519325445,72:8d:bc:2b:01:66,ff:ff:ff:ff:ff:ff,1,72:8d:bc:2b:01:66,192.168.1.9,00:00:00:00:00:00,192.168.1.125,
1778231144.031228484,72:8d:bc:2b:01:66,ff:ff:ff:ff:ff:ff,1,72:8d:bc:2b:01:66,192.168.1.9,00:00:00:00:00:00,192.168.1.2,
1778231144.031228685,72:8d:bc:2b:01:66,ff:ff:ff:ff:ff:ff,1,72:8d:bc:2b:01:66,192.168.1.9,00:00:00:00:00:00,192.168.1.3,
1778231144.031228734,72:8d:bc:2b:01:66,ff:ff:ff:ff:ff:ff,1,72:8d:bc:2b:01:66,192.168.1.9,00:00:00:00:00:00,192.168.1.6,
1778231144.031228785,72:8d:bc:2b:01:66,ff:ff:ff:ff:ff:ff,1,72:8d:bc:2b:01:66,192.168.1.9,00:00:00:00:00:00,192.168.1.7,
1778231144.031591034,72:8d:bc:2b:01:66,ff:ff:ff:ff:ff:ff,1,72:8d:bc:2b:01:66,192.168.1.9,00:00:00:00:00:00,192.168.1.8,
1778231144.031591164,72:8d:bc:2b:01:66,ff:ff:ff:ff:ff:ff,1,72:8d:bc:2b:01:66,192.168.1.9,00:00:00:00:00:00,192.168.1.10,
1778231144.031591214,72:8d:bc:2b:01:66,ff:ff:ff:ff:ff:ff,1,72:8d:bc:2b:01:66,192.168.1.9,00:00:00:00:00:00,192.168.1.11,
1778231144.031591254,72:8d:bc:2b:01:66,ff:ff:ff:ff:ff:ff,1,72:8d:bc:2b:01:66,192.168.1.9,00:00:00:00:00:00,192.168.1.14,
1778231144.032090611,72:8d:bc:2b:01:66,ff:ff:ff:ff:ff:ff,1,72:8d:bc:2b:01:66,192.168.1.9,00:00:00:00:00:00,192.168.1.15,
1778231144.032090741,72:8d:bc:2b:01:66,ff:ff:ff:ff:ff:ff,1,72:8d:bc:2b:01:66,192.168.1.9,00:00:00:00:00:00,192.168.1.20,
1778231144.032090791,72:8d:bc:2b:01:66,ff:ff:ff:ff:ff:ff,1,72:8d:bc:2b:01:66,192.168.1.9,00:00:00:00:00:00,192.168.1.21,
1778231144.032090841,72:8d:bc:2b:01:66,ff:ff:ff:ff:ff:ff,1,72:8d:bc:2b:01:66,192.168.1.9,00:00:00:00:00:00,192.168.1.22,
1778231144.032613512,72:8d:bc:2b:01:66,ff:ff:ff:ff:ff:ff,1,72:8d:bc:2b:01:66,192.168.1.9,00:00:00:00:00:00,192.168.1.23,
1778231144.032613643,72:8d:bc:2b:01:66,ff:ff:ff:ff:ff:ff,1,72:8d:bc:2b:01:66,192.168.1.9,00:00:00:00:00:00,192.168.1.24,
1778231144.032613692,72:8d:bc:2b:01:66,ff:ff:ff:ff:ff:ff,1,72:8d:bc:2b:01:66,192.168.1.9,00:00:00:00:00:00,192.168.1.25,
1778231144.032613743,72:8d:bc:2b:01:66,ff:ff:ff:ff:ff:ff,1,72:8d:bc:2b:01:66,192.168.1.9,00:00:00:00:00:00,192.168.1.26,
1778231144.032613793,72:8d:bc:2b:01:66,ff:ff:ff:ff:ff:ff,1,72:8d:bc:2b:01:66,192.168.1.9,00:00:00:00:00:00,192.168.1.27,
1778231144.033322993,72:8d:bc:2b:01:66,ff:ff:ff:ff:ff:ff,1,72:8d:bc:2b:01:66,192.168.1.9,00:00:00:00:00:00,192.168.1.30,
1778231144.033323333,72:8d:bc:2b:01:66,ff:ff:ff:ff:ff:ff,1,72:8d:bc:2b:01:66,192.168.1.9,00:00:00:00:00:00,192.168.1.31,
1778231144.033323383,72:8d:bc:2b:01:66,ff:ff:ff:ff:ff:ff,1,72:8d:bc:2b:01:66,192.168.1.9,00:00:00:00:00:00,192.168.1.32,
1778231144.033323434,72:8d:bc:2b:01:66,ff:ff:ff:ff:ff:ff,1,72:8d:bc:2b:01:66,192.168.1.9,00:00:00:00:00:00,192.168.1.33,
1778231144.033792624,72:8d:bc:2b:01:66,ff:ff:ff:ff:ff:ff,1,72:8d:bc:2b:01:66,192.168.1.9,00:00:00:00:00:00,192.168.1.36,
1778231144.033792755,72:8d:bc:2b:01:66,ff:ff:ff:ff:ff:ff,1,72:8d:bc:2b:01:66,192.168.1.9,00:00:00:00:00:00,192.168.1.37,
1778231144.033792824,72:8d:bc:2b:01:66,ff:ff:ff:ff:ff:ff,1,72:8d:bc:2b:01:66,192.168.1.9,00:00:00:00:00:00,192.168.1.38,
1778231144.033792955,72:8d:bc:2b:01:66,ff:ff:ff:ff:ff:ff,1,72:8d:bc:2b:01:66,192.168.1.9,00:00:00:00:00:00,192.168.1.39,
1778231144.034308051,72:8d:bc:2b:01:66,ff:ff:ff:ff:ff:ff,1,72:8d:bc:2b:01:66,192.168.1.9,00:00:00:00:00:00,192.168.1.40,
1778231144.034308211,72:8d:bc:2b:01:66,ff:ff:ff:ff:ff:ff,1,72:8d:bc:2b:01:66,192.168.1.9,00:00:00:00:00:00,192.168.1.128,
1778231144.034308271,72:8d:bc:2b:01:66,ff:ff:ff:ff:ff:ff,1,72:8d:bc:2b:01:66,192.168.1.9,00:00:00:00:00:00,192.168.1.129,
1778231144.034308331,72:8d:bc:2b:01:66,ff:ff:ff:ff:ff:ff,1,72:8d:bc:2b:01:66,192.168.1.9,00:00:00:00:00:00,192.168.1.130,
1778231144.034308391,72:8d:bc:2b:01:66,ff:ff:ff:ff:ff:ff,1,72:8d:bc:2b:01:66,192.168.1.9,00:00:00:00:00:00,192.168.1.131,
1778231144.034925809,72:8d:bc:2b:01:66,ff:ff:ff:ff:ff:ff,1,72:8d:bc:2b:01:66,192.168.1.9,00:00:00:00:00:00,192.168.1.132,
1778231144.034925940,72:8d:bc:2b:01:66,ff:ff:ff:ff:ff:ff,1,72:8d:bc:2b:01:66,192.168.1.9,00:00:00:00:00:00,192.168.1.133,
1778231144.034926000,72:8d:bc:2b:01:66,ff:ff:ff:ff:ff:ff,1,72:8d:bc:2b:01:66,192.168.1.9,00:00:00:00:00:00,192.168.1.134,
1778231144.034926049,72:8d:bc:2b:01:66,ff:ff:ff:ff:ff:ff,1,72:8d:bc:2b:01:66,192.168.1.9,00:00:00:00:00:00,192.168.1.135,
1778231144.034926100,72:8d:bc:2b:01:66,ff:ff:ff:ff:ff:ff,1,72:8d:bc:2b:01:66,192.168.1.9,00:00:00:00:00:00,192.168.1.136,
1778231144.562544002,72:8d:bc:2b:01:66,ff:ff:ff:ff:ff:ff,1,72:8d:bc:2b:01:66,192.168.1.9,00:00:00:00:00:00,192.168.1.17,
1778231144.562544133,72:8d:bc:2b:01:66,ff:ff:ff:ff:ff:ff,1,72:8d:bc:2b:01:66,192.168.1.9,00:00:00:00:00:00,192.168.1.43,
1778231144.562544183,72:8d:bc:2b:01:66,ff:ff:ff:ff:ff:ff,1,72:8d:bc:2b:01:66,192.168.1.9,00:00:00:00:00:00,192.168.1.44,
1778231144.562544233,72:8d:bc:2b:01:66,ff:ff:ff:ff:ff:ff,1,72:8d:bc:2b:01:66,192.168.1.9,00:00:00:00:00:00,192.168.1.45,
1778231144.562544283,72:8d:bc:2b:01:66,ff:ff:ff:ff:ff:ff,1,72:8d:bc:2b:01:66,192.168.1.9,00:00:00:00:00:00,192.168.1.46,
1778231144.562544333,72:8d:bc:2b:01:66,ff:ff:ff:ff:ff:ff,1,72:8d:bc:2b:01:66,192.168.1.9,00:00:00:00:00:00,192.168.1.47,
1778231144.562544383,72:8d:bc:2b:01:66,ff:ff:ff:ff:ff:ff,1,72:8d:bc:2b:01:66,192.168.1.9,00:00:00:00:00:00,192.168.1.48,
1778231144.571362795,72:8d:bc:2b:01:66,ff:ff:ff:ff:ff:ff,1,72:8d:bc:2b:01:66,192.168.1.9,00:00:00:00:00:00,192.168.1.49,
1778231144.571362925,72:8d:bc:2b:01:66,ff:ff:ff:ff:ff:ff,1,72:8d:bc:2b:01:66,192.168.1.9,00:00:00:00:00:00,192.168.1.50,
1778231144.571362976,72:8d:bc:2b:01:66,ff:ff:ff:ff:ff:ff,1,72:8d:bc:2b:01:66,192.168.1.9,00:00:00:00:00:00,192.168.1.53,
1778231144.571363016,72:8d:bc:2b:01:66,ff:ff:ff:ff:ff:ff,1,72:8d:bc:2b:01:66,192.168.1.9,00:00:00:00:00:00,192.168.1.54,
1778231144.600501387,72:8d:bc:2b:01:66,ff:ff:ff:ff:ff:ff,1,72:8d:bc:2b:01:66,192.168.1.9,00:00:00:00:00:00,192.168.1.55,
1778231144.600501587,72:8d:bc:2b:01:66,ff:ff:ff:ff:ff:ff,1,72:8d:bc:2b:01:66,192.168.1.9,00:00:00:00:00:00,192.168.1.56,
1778231144.600501678,72:8d:bc:2b:01:66,ff:ff:ff:ff:ff:ff,1,72:8d:bc:2b:01:66,192.168.1.9,00:00:00:00:00:00,192.168.1.59,
1778231144.600501758,72:8d:bc:2b:01:66,ff:ff:ff:ff:ff:ff,1,72:8d:bc:2b:01:66,192.168.1.9,00:00:00:00:00:00,192.168.1.60,
1778231144.600938356,72:8d:bc:2b:01:66,ff:ff:ff:ff:ff:ff,1,72:8d:bc:2b:01:66,192.168.1.9,00:00:00:00:00:00,192.168.1.61,
1778231144.644464797,72:8d:bc:2b:01:66,ff:ff:ff:ff:ff:ff,1,72:8d:bc:2b:01:66,192.168.1.9,00:00:00:00:00:00,192.168.1.62,
1778231144.644464917,72:8d:bc:2b:01:66,ff:ff:ff:ff:ff:ff,1,72:8d:bc:2b:01:66,192.168.1.9,00:00:00:00:00:00,192.168.1.63,
1778231144.644464968,72:8d:bc:2b:01:66,ff:ff:ff:ff:ff:ff,1,72:8d:bc:2b:01:66,192.168.1.9,00:00:00:00:00:00,192.168.1.66,
1778231144.644465017,72:8d:bc:2b:01:66,ff:ff:ff:ff:ff:ff,1,72:8d:bc:2b:01:66,192.168.1.9,00:00:00:00:00:00,192.168.1.67,
1778231144.644767655,72:8d:bc:2b:01:66,ff:ff:ff:ff:ff:ff,1,72:8d:bc:2b:01:66,192.168.1.9,00:00:00:00:00:00,192.168.1.68,
1778231144.646318444,72:8d:bc:2b:01:66,ff:ff:ff:ff:ff:ff,1,72:8d:bc:2b:01:66,192.168.1.9,00:00:00:00:00:00,192.168.1.69,
1778231144.646318574,72:8d:bc:2b:01:66,ff:ff:ff:ff:ff:ff,1,72:8d:bc:2b:01:66,192.168.1.9,00:00:00:00:00:00,192.168.1.70,
1778231144.646318625,72:8d:bc:2b:01:66,ff:ff:ff:ff:ff:ff,1,72:8d:bc:2b:01:66,192.168.1.9,00:00:00:00:00:00,192.168.1.71,
1778231144.651487902,72:8d:bc:2b:01:66,ff:ff:ff:ff:ff:ff,1,72:8d:bc:2b:01:66,192.168.1.9,00:00:00:00:00:00,192.168.1.72,
1778231144.651488032,72:8d:bc:2b:01:66,ff:ff:ff:ff:ff:ff,1,72:8d:bc:2b:01:66,192.168.1.9,00:00:00:00:00:00,192.168.1.73,
1778231144.651488082,72:8d:bc:2b:01:66,ff:ff:ff:ff:ff:ff,1,72:8d:bc:2b:01:66,192.168.1.9,00:00:00:00:00:00,192.168.1.76,
1778231144.651488132,72:8d:bc:2b:01:66,ff:ff:ff:ff:ff:ff,1,72:8d:bc:2b:01:66,192.168.1.9,00:00:00:00:00:00,192.168.1.77,
1778231144.651904332,72:8d:bc:2b:01:66,ff:ff:ff:ff:ff:ff,1,72:8d:bc:2b:01:66,192.168.1.9,00:00:00:00:00:00,192.168.1.78,
1778231144.651904473,72:8d:bc:2b:01:66,ff:ff:ff:ff:ff:ff,1,72:8d:bc:2b:01:66,192.168.1.9,00:00:00:00:00:00,192.168.1.79,
1778231144.651904533,72:8d:bc:2b:01:66,ff:ff:ff:ff:ff:ff,1,72:8d:bc:2b:01:66,192.168.1.9,00:00:00:00:00:00,192.168.1.80,
1778231145.164119625,72:8d:bc:2b:01:66,ff:ff:ff:ff:ff:ff,1,72:8d:bc:2b:01:66,192.168.1.9,00:00:00:00:00:00,192.168.1.81,
1778231145.164119756,72:8d:bc:2b:01:66,ff:ff:ff:ff:ff:ff,1,72:8d:bc:2b:01:66,192.168.1.9,00:00:00:00:00:00,192.168.1.82,
1778231145.164119805,72:8d:bc:2b:01:66,ff:ff:ff:ff:ff:ff,1,72:8d:bc:2b:01:66,192.168.1.9,00:00:00:00:00:00,192.168.1.151,
1778231145.164119856,72:8d:bc:2b:01:66,ff:ff:ff:ff:ff:ff,1,72:8d:bc:2b:01:66,192.168.1.9,00:00:00:00:00:00,192.168.1.152,
1778231145.165980806,72:8d:bc:2b:01:66,ff:ff:ff:ff:ff:ff,1,72:8d:bc:2b:01:66,192.168.1.9,00:00:00:00:00:00,192.168.1.155,
1778231145.165980936,72:8d:bc:2b:01:66,ff:ff:ff:ff:ff:ff,1,72:8d:bc:2b:01:66,192.168.1.9,00:00:00:00:00:00,192.168.1.156,
1778231145.165980987,72:8d:bc:2b:01:66,ff:ff:ff:ff:ff:ff,1,72:8d:bc:2b:01:66,192.168.1.9,00:00:00:00:00:00,192.168.1.157,
1778231145.165981036,72:8d:bc:2b:01:66,ff:ff:ff:ff:ff:ff,1,72:8d:bc:2b:01:66,192.168.1.9,00:00:00:00:00:00,192.168.1.158,
1778231145.165981087,72:8d:bc:2b:01:66,ff:ff:ff:ff:ff:ff,1,72:8d:bc:2b:01:66,192.168.1.9,00:00:00:00:00:00,192.168.1.159,
1778231145.166633561,72:8d:bc:2b:01:66,ff:ff:ff:ff:ff:ff,1,72:8d:bc:2b:01:66,192.168.1.9,00:00:00:00:00:00,192.168.1.160,
1778231145.166633692,72:8d:bc:2b:01:66,ff:ff:ff:ff:ff:ff,1,72:8d:bc:2b:01:66,192.168.1.9,00:00:00:00:00:00,192.168.1.161,
1778231145.166633741,72:8d:bc:2b:01:66,ff:ff:ff:ff:ff:ff,1,72:8d:bc:2b:01:66,192.168.1.9,00:00:00:00:00:00,192.168.1.162,
1778231145.166633792,72:8d:bc:2b:01:66,ff:ff:ff:ff:ff:ff,1,72:8d:bc:2b:01:66,192.168.1.9,00:00:00:00:00:00,192.168.1.163,
1778231145.167282168,72:8d:bc:2b:01:66,ff:ff:ff:ff:ff:ff,1,72:8d:bc:2b:01:66,192.168.1.9,00:00:00:00:00:00,192.168.1.164,
1778231145.167282398,72:8d:bc:2b:01:66,ff:ff:ff:ff:ff:ff,1,72:8d:bc:2b:01:66,192.168.1.9,00:00:00:00:00:00,192.168.1.165,
1778231145.167282518,72:8d:bc:2b:01:66,ff:ff:ff:ff:ff:ff,1,72:8d:bc:2b:01:66,192.168.1.9,00:00:00:00:00:00,192.168.1.166,
1778231145.167282638,72:8d:bc:2b:01:66,ff:ff:ff:ff:ff:ff,1,72:8d:bc:2b:01:66,192.168.1.9,00:00:00:00:00:00,192.168.1.167,
1778231145.167687948,72:8d:bc:2b:01:66,ff:ff:ff:ff:ff:ff,1,72:8d:bc:2b:01:66,192.168.1.9,00:00:00:00:00:00,192.168.1.168,
1778231145.167688089,72:8d:bc:2b:01:66,ff:ff:ff:ff:ff:ff,1,72:8d:bc:2b:01:66,192.168.1.9,00:00:00:00:00:00,192.168.1.169,
1778231145.167688149,72:8d:bc:2b:01:66,ff:ff:ff:ff:ff:ff,1,72:8d:bc:2b:01:66,192.168.1.9,00:00:00:00:00:00,192.168.1.170,
1778231145.167688209,72:8d:bc:2b:01:66,ff:ff:ff:ff:ff:ff,1,72:8d:bc:2b:01:66,192.168.1.9,00:00:00:00:00:00,192.168.1.171,
1778231145.167688259,72:8d:bc:2b:01:66,ff:ff:ff:ff:ff:ff,1,72:8d:bc:2b:01:66,192.168.1.9,00:00:00:00:00:00,192.168.1.172,
1778231145.168314755,72:8d:bc:2b:01:66,ff:ff:ff:ff:ff:ff,1,72:8d:bc:2b:01:66,192.168.1.9,00:00:00:00:00:00,192.168.1.173,
1778231145.168314875,72:8d:bc:2b:01:66,ff:ff:ff:ff:ff:ff,1,72:8d:bc:2b:01:66,192.168.1.9,00:00:00:00:00:00,192.168.1.174,
1778231145.168314935,72:8d:bc:2b:01:66,ff:ff:ff:ff:ff:ff,1,72:8d:bc:2b:01:66,192.168.1.9,00:00:00:00:00:00,192.168.1.175,
1778231145.168314995,72:8d:bc:2b:01:66,ff:ff:ff:ff:ff:ff,1,72:8d:bc:2b:01:66,192.168.1.9,00:00:00:00:00:00,192.168.1.176,
1778231145.168315055,72:8d:bc:2b:01:66,ff:ff:ff:ff:ff:ff,1,72:8d:bc:2b:01:66,192.168.1.9,00:00:00:00:00:00,192.168.1.177,
1778231145.168919379,72:8d:bc:2b:01:66,ff:ff:ff:ff:ff:ff,1,72:8d:bc:2b:01:66,192.168.1.9,00:00:00:00:00:00,192.168.1.178,
1778231145.168919519,72:8d:bc:2b:01:66,ff:ff:ff:ff:ff:ff,1,72:8d:bc:2b:01:66,192.168.1.9,00:00:00:00:00:00,192.168.1.179,
1778231145.168919579,72:8d:bc:2b:01:66,ff:ff:ff:ff:ff:ff,1,72:8d:bc:2b:01:66,192.168.1.9,00:00:00:00:00:00,192.168.1.180,
1778231145.168919639,72:8d:bc:2b:01:66,ff:ff:ff:ff:ff:ff,1,72:8d:bc:2b:01:66,192.168.1.9,00:00:00:00:00:00,192.168.1.181,
1778231145.169574248,72:8d:bc:2b:01:66,ff:ff:ff:ff:ff:ff,1,72:8d:bc:2b:01:66,192.168.1.9,00:00:00:00:00:00,192.168.1.182,
1778231145.169574388,72:8d:bc:2b:01:66,ff:ff:ff:ff:ff:ff,1,72:8d:bc:2b:01:66,192.168.1.9,00:00:00:00:00:00,192.168.1.183,
1778231145.169574458,72:8d:bc:2b:01:66,ff:ff:ff:ff:ff:ff,1,72:8d:bc:2b:01:66,192.168.1.9,00:00:00:00:00:00,192.168.1.184,
1778231145.169574508,72:8d:bc:2b:01:66,ff:ff:ff:ff:ff:ff,1,72:8d:bc:2b:01:66,192.168.1.9,00:00:00:00:00:00,192.168.1.185,
1778231145.694416149,72:8d:bc:2b:01:66,ff:ff:ff:ff:ff:ff,1,72:8d:bc:2b:01:66,192.168.1.9,00:00:00:00:00:00,192.168.1.188,
1778231145.694416339,72:8d:bc:2b:01:66,ff:ff:ff:ff:ff:ff,1,72:8d:bc:2b:01:66,192.168.1.9,00:00:00:00:00:00,192.168.1.189,
1778231145.694416410,72:8d:bc:2b:01:66,ff:ff:ff:ff:ff:ff,1,72:8d:bc:2b:01:66,192.168.1.9,00:00:00:00:00:00,192.168.1.190,
1778231145.694416490,72:8d:bc:2b:01:66,ff:ff:ff:ff:ff:ff,1,72:8d:bc:2b:01:66,192.168.1.9,00:00:00:00:00:00,192.168.1.191,
1778231145.694879498,72:8d:bc:2b:01:66,ff:ff:ff:ff:ff:ff,1,72:8d:bc:2b:01:66,192.168.1.9,00:00:00:00:00:00,192.168.1.192,
1778231145.694879688,72:8d:bc:2b:01:66,ff:ff:ff:ff:ff:ff,1,72:8d:bc:2b:01:66,192.168.1.9,00:00:00:00:00:00,192.168.1.193,
1778231145.696563236,72:8d:bc:2b:01:66,ff:ff:ff:ff:ff:ff,1,72:8d:bc:2b:01:66,192.168.1.9,00:00:00:00:00:00,192.168.1.196,
1778231145.696563366,72:8d:bc:2b:01:66,ff:ff:ff:ff:ff:ff,1,72:8d:bc:2b:01:66,192.168.1.9,00:00:00:00:00:00,192.168.1.197,
1778231145.696563417,72:8d:bc:2b:01:66,ff:ff:ff:ff:ff:ff,1,72:8d:bc:2b:01:66,192.168.1.9,00:00:00:00:00:00,192.168.1.198,
1778231145.696563466,72:8d:bc:2b:01:66,ff:ff:ff:ff:ff:ff,1,72:8d:bc:2b:01:66,192.168.1.9,00:00:00:00:00:00,192.168.1.199,
1778231145.733229927,72:8d:bc:2b:01:66,ff:ff:ff:ff:ff:ff,1,72:8d:bc:2b:01:66,192.168.1.9,00:00:00:00:00:00,192.168.1.202,
1778231145.733230047,72:8d:bc:2b:01:66,ff:ff:ff:ff:ff:ff,1,72:8d:bc:2b:01:66,192.168.1.9,00:00:00:00:00:00,192.168.1.203,
1778231145.733230107,72:8d:bc:2b:01:66,ff:ff:ff:ff:ff:ff,1,72:8d:bc:2b:01:66,192.168.1.9,00:00:00:00:00:00,192.168.1.204,
1778231145.733230158,72:8d:bc:2b:01:66,ff:ff:ff:ff:ff:ff,1,72:8d:bc:2b:01:66,192.168.1.9,00:00:00:00:00:00,192.168.1.205,
1778231145.733567671,72:8d:bc:2b:01:66,ff:ff:ff:ff:ff:ff,1,72:8d:bc:2b:01:66,192.168.1.9,00:00:00:00:00:00,192.168.1.206,
1778231145.771329015,72:8d:bc:2b:01:66,ff:ff:ff:ff:ff:ff,1,72:8d:bc:2b:01:66,192.168.1.9,00:00:00:00:00:00,192.168.1.209,
1778231145.771329125,72:8d:bc:2b:01:66,ff:ff:ff:ff:ff:ff,1,72:8d:bc:2b:01:66,192.168.1.9,00:00:00:00:00:00,192.168.1.210,
1778231145.771329175,72:8d:bc:2b:01:66,ff:ff:ff:ff:ff:ff,1,72:8d:bc:2b:01:66,192.168.1.9,00:00:00:00:00:00,192.168.1.211,
1778231145.771329225,72:8d:bc:2b:01:66,ff:ff:ff:ff:ff:ff,1,72:8d:bc:2b:01:66,192.168.1.9,00:00:00:00:00:00,192.168.1.212,
1778231145.771678040,72:8d:bc:2b:01:66,ff:ff:ff:ff:ff:ff,1,72:8d:bc:2b:01:66,192.168.1.9,00:00:00:00:00:00,192.168.1.213,
1778231145.771678169,72:8d:bc:2b:01:66,ff:ff:ff:ff:ff:ff,1,72:8d:bc:2b:01:66,192.168.1.9,00:00:00:00:00:00,192.168.1.214,
1778231145.771678220,72:8d:bc:2b:01:66,ff:ff:ff:ff:ff:ff,1,72:8d:bc:2b:01:66,192.168.1.9,00:00:00:00:00:00,192.168.1.215,
1778231145.771678270,72:8d:bc:2b:01:66,ff:ff:ff:ff:ff:ff,1,72:8d:bc:2b:01:66,192.168.1.9,00:00:00:00:00:00,192.168.1.216,
1778231145.772531842,72:8d:bc:2b:01:66,ff:ff:ff:ff:ff:ff,1,72:8d:bc:2b:01:66,192.168.1.9,00:00:00:00:00:00,192.168.1.217,
1778231145.772531971,72:8d:bc:2b:01:66,ff:ff:ff:ff:ff:ff,1,72:8d:bc:2b:01:66,192.168.1.9,00:00:00:00:00:00,192.168.1.218,
1778231146.716563528,72:8d:bc:2b:01:66,ff:ff:ff:ff:ff:ff,1,72:8d:bc:2b:01:66,192.168.1.9,00:00:00:00:00:00,192.168.1.17,
1778231146.716563769,72:8d:bc:2b:01:66,ff:ff:ff:ff:ff:ff,1,72:8d:bc:2b:01:66,192.168.1.9,00:00:00:00:00:00,192.168.1.85,
1778231146.716563969,72:8d:bc:2b:01:66,ff:ff:ff:ff:ff:ff,1,72:8d:bc:2b:01:66,192.168.1.9,00:00:00:00:00:00,192.168.1.86,
1778231146.716564059,72:8d:bc:2b:01:66,ff:ff:ff:ff:ff:ff,1,72:8d:bc:2b:01:66,192.168.1.9,00:00:00:00:00:00,192.168.1.87,
1778231146.716564159,72:8d:bc:2b:01:66,ff:ff:ff:ff:ff:ff,1,72:8d:bc:2b:01:66,192.168.1.9,00:00:00:00:00:00,192.168.1.88,
1778231146.718277603,72:8d:bc:2b:01:66,ff:ff:ff:ff:ff:ff,1,72:8d:bc:2b:01:66,192.168.1.9,00:00:00:00:00:00,192.168.1.89,
1778231146.718277713,72:8d:bc:2b:01:66,ff:ff:ff:ff:ff:ff,1,72:8d:bc:2b:01:66,192.168.1.9,00:00:00:00:00:00,192.168.1.90,
1778231146.718277764,72:8d:bc:2b:01:66,ff:ff:ff:ff:ff:ff,1,72:8d:bc:2b:01:66,192.168.1.9,00:00:00:00:00:00,192.168.1.91,
1778231146.721381956,72:8d:bc:2b:01:66,ff:ff:ff:ff:ff:ff,1,72:8d:bc:2b:01:66,192.168.1.9,00:00:00:00:00:00,192.168.1.94,
1778231146.721382087,72:8d:bc:2b:01:66,ff:ff:ff:ff:ff:ff,1,72:8d:bc:2b:01:66,192.168.1.9,00:00:00:00:00:00,192.168.1.95,
1778231146.721382136,72:8d:bc:2b:01:66,ff:ff:ff:ff:ff:ff,1,72:8d:bc:2b:01:66,192.168.1.9,00:00:00:00:00:00,192.168.1.96,
1778231146.721382187,72:8d:bc:2b:01:66,ff:ff:ff:ff:ff:ff,1,72:8d:bc:2b:01:66,192.168.1.9,00:00:00:00:00:00,192.168.1.97,
1778231146.721885460,72:8d:bc:2b:01:66,ff:ff:ff:ff:ff:ff,1,72:8d:bc:2b:01:66,192.168.1.9,00:00:00:00:00:00,192.168.1.100,
1778231146.721885591,72:8d:bc:2b:01:66,ff:ff:ff:ff:ff:ff,1,72:8d:bc:2b:01:66,192.168.1.9,00:00:00:00:00:00,192.168.1.101,
1778231146.721885641,72:8d:bc:2b:01:66,ff:ff:ff:ff:ff:ff,1,72:8d:bc:2b:01:66,192.168.1.9,00:00:00:00:00:00,192.168.1.102,
1778231147.234017590,72:8d:bc:2b:01:66,ff:ff:ff:ff:ff:ff,1,72:8d:bc:2b:01:66,192.168.1.9,00:00:00:00:00:00,192.168.1.103,
1778231147.234017710,72:8d:bc:2b:01:66,ff:ff:ff:ff:ff:ff,1,72:8d:bc:2b:01:66,192.168.1.9,00:00:00:00:00:00,192.168.1.104,
1778231147.234017761,72:8d:bc:2b:01:66,ff:ff:ff:ff:ff:ff,1,72:8d:bc:2b:01:66,192.168.1.9,00:00:00:00:00:00,192.168.1.107,
1778231147.234017810,72:8d:bc:2b:01:66,ff:ff:ff:ff:ff:ff,1,72:8d:bc:2b:01:66,192.168.1.9,00:00:00:00:00:00,192.168.1.108,
1778231147.235956156,72:8d:bc:2b:01:66,ff:ff:ff:ff:ff:ff,1,72:8d:bc:2b:01:66,192.168.1.9,00:00:00:00:00:00,192.168.1.109,
1778231147.235956277,72:8d:bc:2b:01:66,ff:ff:ff:ff:ff:ff,1,72:8d:bc:2b:01:66,192.168.1.9,00:00:00:00:00:00,192.168.1.110,
1778231147.235956326,72:8d:bc:2b:01:66,ff:ff:ff:ff:ff:ff,1,72:8d:bc:2b:01:66,192.168.1.9,00:00:00:00:00:00,192.168.1.111,
1778231147.235956377,72:8d:bc:2b:01:66,ff:ff:ff:ff:ff:ff,1,72:8d:bc:2b:01:66,192.168.1.9,00:00:00:00:00:00,192.168.1.114,
1778231147.235956427,72:8d:bc:2b:01:66,ff:ff:ff:ff:ff:ff,1,72:8d:bc:2b:01:66,192.168.1.9,00:00:00:00:00:00,192.168.1.115,
1778231147.236691515,72:8d:bc:2b:01:66,ff:ff:ff:ff:ff:ff,1,72:8d:bc:2b:01:66,192.168.1.9,00:00:00:00:00:00,192.168.1.116,
1778231147.236691665,72:8d:bc:2b:01:66,ff:ff:ff:ff:ff:ff,1,72:8d:bc:2b:01:66,192.168.1.9,00:00:00:00:00:00,192.168.1.119,
1778231147.236691736,72:8d:bc:2b:01:66,ff:ff:ff:ff:ff:ff,1,72:8d:bc:2b:01:66,192.168.1.9,00:00:00:00:00:00,192.168.1.120,
1778231147.236691796,72:8d:bc:2b:01:66,ff:ff:ff:ff:ff:ff,1,72:8d:bc:2b:01:66,192.168.1.9,00:00:00:00:00:00,192.168.1.121,
1778231147.237121723,72:8d:bc:2b:01:66,ff:ff:ff:ff:ff:ff,1,72:8d:bc:2b:01:66,192.168.1.9,00:00:00:00:00:00,192.168.1.122,
1778231147.237121883,72:8d:bc:2b:01:66,ff:ff:ff:ff:ff:ff,1,72:8d:bc:2b:01:66,192.168.1.9,00:00:00:00:00:00,192.168.1.123,
1778231147.238132258,72:8d:bc:2b:01:66,ff:ff:ff:ff:ff:ff,1,72:8d:bc:2b:01:66,192.168.1.9,00:00:00:00:00:00,192.168.1.124,
1778231147.238132388,72:8d:bc:2b:01:66,ff:ff:ff:ff:ff:ff,1,72:8d:bc:2b:01:66,192.168.1.9,00:00:00:00:00:00,192.168.1.125,
1778231147.238132438,72:8d:bc:2b:01:66,ff:ff:ff:ff:ff:ff,1,72:8d:bc:2b:01:66,192.168.1.9,00:00:00:00:00:00,192.168.1.128,
1778231147.238132488,72:8d:bc:2b:01:66,ff:ff:ff:ff:ff:ff,1,72:8d:bc:2b:01:66,192.168.1.9,00:00:00:00:00:00,192.168.1.129,
1778231147.238132528,72:8d:bc:2b:01:66,ff:ff:ff:ff:ff:ff,1,72:8d:bc:2b:01:66,192.168.1.9,00:00:00:00:00:00,192.168.1.130,
1778231147.238708990,72:8d:bc:2b:01:66,ff:ff:ff:ff:ff:ff,1,72:8d:bc:2b:01:66,192.168.1.9,00:00:00:00:00:00,192.168.1.131,
1778231147.238709121,72:8d:bc:2b:01:66,ff:ff:ff:ff:ff:ff,1,72:8d:bc:2b:01:66,192.168.1.9,00:00:00:00:00:00,192.168.1.132,
1778231147.238709170,72:8d:bc:2b:01:66,ff:ff:ff:ff:ff:ff,1,72:8d:bc:2b:01:66,192.168.1.9,00:00:00:00:00:00,192.168.1.133,
1778231147.238709221,72:8d:bc:2b:01:66,ff:ff:ff:ff:ff:ff,1,72:8d:bc:2b:01:66,192.168.1.9,00:00:00:00:00:00,192.168.1.134,
1778231147.239336537,72:8d:bc:2b:01:66,ff:ff:ff:ff:ff:ff,1,72:8d:bc:2b:01:66,192.168.1.9,00:00:00:00:00:00,192.168.1.135,
1778231147.239336667,72:8d:bc:2b:01:66,ff:ff:ff:ff:ff:ff,1,72:8d:bc:2b:01:66,192.168.1.9,00:00:00:00:00:00,192.168.1.136,
1778231147.239336717,72:8d:bc:2b:01:66,ff:ff:ff:ff:ff:ff,1,72:8d:bc:2b:01:66,192.168.1.9,00:00:00:00:00:00,192.168.1.231,
1778231147.239336767,72:8d:bc:2b:01:66,ff:ff:ff:ff:ff:ff,1,72:8d:bc:2b:01:66,192.168.1.9,00:00:00:00:00:00,192.168.1.232,
1778231147.239804224,72:8d:bc:2b:01:66,ff:ff:ff:ff:ff:ff,1,72:8d:bc:2b:01:66,192.168.1.9,00:00:00:00:00:00,192.168.1.233,
1778231147.239804354,72:8d:bc:2b:01:66,ff:ff:ff:ff:ff:ff,1,72:8d:bc:2b:01:66,192.168.1.9,00:00:00:00:00:00,192.168.1.234,
1778231147.239804404,72:8d:bc:2b:01:66,ff:ff:ff:ff:ff:ff,1,72:8d:bc:2b:01:66,192.168.1.9,00:00:00:00:00:00,192.168.1.235,
1778231147.239804455,72:8d:bc:2b:01:66,ff:ff:ff:ff:ff:ff,1,72:8d:bc:2b:01:66,192.168.1.9,00:00:00:00:00:00,192.168.1.236,
1778231147.240350429,72:8d:bc:2b:01:66,ff:ff:ff:ff:ff:ff,1,72:8d:bc:2b:01:66,192.168.1.9,00:00:00:00:00:00,192.168.1.237,
1778231147.240350569,72:8d:bc:2b:01:66,ff:ff:ff:ff:ff:ff,1,72:8d:bc:2b:01:66,192.168.1.9,00:00:00:00:00:00,192.168.1.238,
1778231147.240350620,72:8d:bc:2b:01:66,ff:ff:ff:ff:ff:ff,1,72:8d:bc:2b:01:66,192.168.1.9,00:00:00:00:00:00,192.168.1.239,
1778231147.764438473,72:8d:bc:2b:01:66,ff:ff:ff:ff:ff:ff,1,72:8d:bc:2b:01:66,192.168.1.9,00:00:00:00:00:00,192.168.1.242,
1778231147.764438593,72:8d:bc:2b:01:66,ff:ff:ff:ff:ff:ff,1,72:8d:bc:2b:01:66,192.168.1.9,00:00:00:00:00:00,192.168.1.243,
1778231147.764438644,72:8d:bc:2b:01:66,ff:ff:ff:ff:ff:ff,1,72:8d:bc:2b:01:66,192.168.1.9,00:00:00:00:00:00,192.168.1.244,
1778231147.764821412,72:8d:bc:2b:01:66,ff:ff:ff:ff:ff:ff,1,72:8d:bc:2b:01:66,192.168.1.9,00:00:00:00:00:00,192.168.1.245,
1778231147.764821512,72:8d:bc:2b:01:66,ff:ff:ff:ff:ff:ff,1,72:8d:bc:2b:01:66,192.168.1.9,00:00:00:00:00:00,192.168.1.246,
1778231147.765317042,72:8d:bc:2b:01:66,ff:ff:ff:ff:ff:ff,1,72:8d:bc:2b:01:66,192.168.1.9,00:00:00:00:00:00,192.168.1.247,
1778231147.766516291,72:8d:bc:2b:01:66,ff:ff:ff:ff:ff:ff,1,72:8d:bc:2b:01:66,192.168.1.9,00:00:00:00:00:00,192.168.1.250,
1778231147.766516462,72:8d:bc:2b:01:66,ff:ff:ff:ff:ff:ff,1,72:8d:bc:2b:01:66,192.168.1.9,00:00:00:00:00:00,192.168.1.251,
1778231147.766516512,72:8d:bc:2b:01:66,ff:ff:ff:ff:ff:ff,1,72:8d:bc:2b:01:66,192.168.1.9,00:00:00:00:00:00,192.168.1.252,
1778231147.766516562,72:8d:bc:2b:01:66,ff:ff:ff:ff:ff:ff,1,72:8d:bc:2b:01:66,192.168.1.9,00:00:00:00:00:00,192.168.1.253,
1778231147.803096344,72:8d:bc:2b:01:66,ff:ff:ff:ff:ff:ff,1,72:8d:bc:2b:01:66,192.168.1.9,00:00:00:00:00:00,192.168.1.0,
1778231147.803096464,72:8d:bc:2b:01:66,ff:ff:ff:ff:ff:ff,1,72:8d:bc:2b:01:66,192.168.1.9,00:00:00:00:00:00,192.168.1.12,
1778231147.803096524,72:8d:bc:2b:01:66,ff:ff:ff:ff:ff:ff,1,72:8d:bc:2b:01:66,192.168.1.9,00:00:00:00:00:00,192.168.1.13,
1778231147.803096574,72:8d:bc:2b:01:66,ff:ff:ff:ff:ff:ff,1,72:8d:bc:2b:01:66,192.168.1.9,00:00:00:00:00:00,192.168.1.18,
1778231147.803407157,72:8d:bc:2b:01:66,ff:ff:ff:ff:ff:ff,1,72:8d:bc:2b:01:66,192.168.1.9,00:00:00:00:00:00,192.168.1.19,
1778231147.841326741,72:8d:bc:2b:01:66,ff:ff:ff:ff:ff:ff,1,72:8d:bc:2b:01:66,192.168.1.9,00:00:00:00:00:00,192.168.1.34,
1778231147.841326972,72:8d:bc:2b:01:66,ff:ff:ff:ff:ff:ff,1,72:8d:bc:2b:01:66,192.168.1.9,00:00:00:00:00:00,192.168.1.35,
1778231147.841327072,72:8d:bc:2b:01:66,ff:ff:ff:ff:ff:ff,1,72:8d:bc:2b:01:66,192.168.1.9,00:00:00:00:00:00,192.168.1.41,
1778231147.841327173,72:8d:bc:2b:01:66,ff:ff:ff:ff:ff:ff,1,72:8d:bc:2b:01:66,192.168.1.9,00:00:00:00:00:00,192.168.1.42,
1778231147.841700604,72:8d:bc:2b:01:66,ff:ff:ff:ff:ff:ff,1,72:8d:bc:2b:01:66,192.168.1.9,00:00:00:00:00:00,192.168.1.51,
1778231147.841700844,72:8d:bc:2b:01:66,ff:ff:ff:ff:ff:ff,1,72:8d:bc:2b:01:66,192.168.1.9,00:00:00:00:00:00,192.168.1.52,
1778231147.841700944,72:8d:bc:2b:01:66,ff:ff:ff:ff:ff:ff,1,72:8d:bc:2b:01:66,192.168.1.9,00:00:00:00:00:00,192.168.1.57,
1778231147.841701035,72:8d:bc:2b:01:66,ff:ff:ff:ff:ff:ff,1,72:8d:bc:2b:01:66,192.168.1.9,00:00:00:00:00:00,192.168.1.58,
1778231147.842244446,72:8d:bc:2b:01:66,ff:ff:ff:ff:ff:ff,1,72:8d:bc:2b:01:66,192.168.1.9,00:00:00:00:00:00,192.168.1.64,
1778231147.842244577,72:8d:bc:2b:01:66,ff:ff:ff:ff:ff:ff,1,72:8d:bc:2b:01:66,192.168.1.9,00:00:00:00:00:00,192.168.1.65,
1778231148.126071586,72:8d:bc:2b:01:66,ff:ff:ff:ff:ff:ff,1,72:8d:bc:2b:01:66,192.168.1.9,00:00:00:00:00:00,192.168.1.83,
1778231148.126071716,72:8d:bc:2b:01:66,ff:ff:ff:ff:ff:ff,1,72:8d:bc:2b:01:66,192.168.1.9,00:00:00:00:00:00,192.168.1.84,
1778231149.599075482,72:8d:bc:2b:01:66,ff:ff:ff:ff:ff:ff,1,72:8d:bc:2b:01:66,192.168.1.9,00:00:00:00:00:00,192.168.1.17,
1778231149.599075683,72:8d:bc:2b:01:66,ff:ff:ff:ff:ff:ff,1,72:8d:bc:2b:01:66,192.168.1.9,00:00:00:00:00:00,192.168.1.151,
1778231149.599075763,72:8d:bc:2b:01:66,ff:ff:ff:ff:ff:ff,1,72:8d:bc:2b:01:66,192.168.1.9,00:00:00:00:00:00,192.168.1.152,
1778231149.599075853,72:8d:bc:2b:01:66,ff:ff:ff:ff:ff:ff,1,72:8d:bc:2b:01:66,192.168.1.9,00:00:00:00:00:00,192.168.1.155,
1778231149.601033937,72:8d:bc:2b:01:66,ff:ff:ff:ff:ff:ff,1,72:8d:bc:2b:01:66,192.168.1.9,00:00:00:00:00:00,192.168.1.156,
1778231149.601034068,72:8d:bc:2b:01:66,ff:ff:ff:ff:ff:ff,1,72:8d:bc:2b:01:66,192.168.1.9,00:00:00:00:00:00,192.168.1.157,
1778231149.601034118,72:8d:bc:2b:01:66,ff:ff:ff:ff:ff:ff,1,72:8d:bc:2b:01:66,192.168.1.9,00:00:00:00:00:00,192.168.1.158,
1778231149.605327984,72:8d:bc:2b:01:66,ff:ff:ff:ff:ff:ff,1,72:8d:bc:2b:01:66,192.168.1.9,00:00:00:00:00:00,192.168.1.159,
1778231149.605328095,72:8d:bc:2b:01:66,ff:ff:ff:ff:ff:ff,1,72:8d:bc:2b:01:66,192.168.1.9,00:00:00:00:00:00,192.168.1.160,
1778231149.605328144,72:8d:bc:2b:01:66,ff:ff:ff:ff:ff:ff,1,72:8d:bc:2b:01:66,192.168.1.9,00:00:00:00:00:00,192.168.1.161,
1778231149.605328185,72:8d:bc:2b:01:66,ff:ff:ff:ff:ff:ff,1,72:8d:bc:2b:01:66,192.168.1.9,00:00:00:00:00:00,192.168.1.162,
1778231149.605328235,72:8d:bc:2b:01:66,ff:ff:ff:ff:ff:ff,1,72:8d:bc:2b:01:66,192.168.1.9,00:00:00:00:00:00,192.168.1.163,
1778231149.605813318,72:8d:bc:2b:01:66,ff:ff:ff:ff:ff:ff,1,72:8d:bc:2b:01:66,192.168.1.9,00:00:00:00:00:00,192.168.1.164,
1778231149.605813447,72:8d:bc:2b:01:66,ff:ff:ff:ff:ff:ff,1,72:8d:bc:2b:01:66,192.168.1.9,00:00:00:00:00:00,192.168.1.165,
1778231150.076178755,72:8d:bc:2b:01:66,ff:ff:ff:ff:ff:ff,1,72:8d:bc:2b:01:66,192.168.1.9,00:00:00:00:00:00,192.168.1.166,
1778231150.076178895,72:8d:bc:2b:01:66,ff:ff:ff:ff:ff:ff,1,72:8d:bc:2b:01:66,192.168.1.9,00:00:00:00:00:00,192.168.1.167,
1778231150.076178965,72:8d:bc:2b:01:66,ff:ff:ff:ff:ff:ff,1,72:8d:bc:2b:01:66,192.168.1.9,00:00:00:00:00:00,192.168.1.168,
1778231150.076179035,72:8d:bc:2b:01:66,ff:ff:ff:ff:ff:ff,1,72:8d:bc:2b:01:66,192.168.1.9,00:00:00:00:00:00,192.168.1.169,
1778231150.076349399,72:8d:bc:2b:01:66,ff:ff:ff:ff:ff:ff,1,72:8d:bc:2b:01:66,192.168.1.9,00:00:00:00:00:00,192.168.1.170,
1778231150.076349589,72:8d:bc:2b:01:66,ff:ff:ff:ff:ff:ff,1,72:8d:bc:2b:01:66,192.168.1.9,00:00:00:00:00:00,192.168.1.171,
1778231150.076349659,72:8d:bc:2b:01:66,ff:ff:ff:ff:ff:ff,1,72:8d:bc:2b:01:66,192.168.1.9,00:00:00:00:00:00,192.168.1.172,
1778231150.076349730,72:8d:bc:2b:01:66,ff:ff:ff:ff:ff:ff,1,72:8d:bc:2b:01:66,192.168.1.9,00:00:00:00:00:00,192.168.1.173,
1778231150.076752005,72:8d:bc:2b:01:66,ff:ff:ff:ff:ff:ff,1,72:8d:bc:2b:01:66,192.168.1.9,00:00:00:00:00:00,192.168.1.174,
1778231150.076752185,72:8d:bc:2b:01:66,ff:ff:ff:ff:ff:ff,1,72:8d:bc:2b:01:66,192.168.1.9,00:00:00:00:00:00,192.168.1.175,
1778231150.076752265,72:8d:bc:2b:01:66,ff:ff:ff:ff:ff:ff,1,72:8d:bc:2b:01:66,192.168.1.9,00:00:00:00:00:00,192.168.1.176,
1778231150.076752336,72:8d:bc:2b:01:66,ff:ff:ff:ff:ff:ff,1,72:8d:bc:2b:01:66,192.168.1.9,00:00:00:00:00:00,192.168.1.177,
1778231150.077210126,72:8d:bc:2b:01:66,ff:ff:ff:ff:ff:ff,1,72:8d:bc:2b:01:66,192.168.1.9,00:00:00:00:00:00,192.168.1.178,
1778231150.077210256,72:8d:bc:2b:01:66,ff:ff:ff:ff:ff:ff,1,72:8d:bc:2b:01:66,192.168.1.9,00:00:00:00:00:00,192.168.1.179,
1778231150.077210306,72:8d:bc:2b:01:66,ff:ff:ff:ff:ff:ff,1,72:8d:bc:2b:01:66,192.168.1.9,00:00:00:00:00:00,192.168.1.180,
1778231150.077210346,72:8d:bc:2b:01:66,ff:ff:ff:ff:ff:ff,1,72:8d:bc:2b:01:66,192.168.1.9,00:00:00:00:00:00,192.168.1.181,
1778231150.077210396,72:8d:bc:2b:01:66,ff:ff:ff:ff:ff:ff,1,72:8d:bc:2b:01:66,192.168.1.9,00:00:00:00:00:00,192.168.1.182,
1778231150.077806479,72:8d:bc:2b:01:66,ff:ff:ff:ff:ff:ff,1,72:8d:bc:2b:01:66,192.168.1.9,00:00:00:00:00:00,192.168.1.183,
1778231150.077806609,72:8d:bc:2b:01:66,ff:ff:ff:ff:ff:ff,1,72:8d:bc:2b:01:66,192.168.1.9,00:00:00:00:00:00,192.168.1.184,
1778231150.077806660,72:8d:bc:2b:01:66,ff:ff:ff:ff:ff:ff,1,72:8d:bc:2b:01:66,192.168.1.9,00:00:00:00:00:00,192.168.1.185,
1778231150.077806709,72:8d:bc:2b:01:66,ff:ff:ff:ff:ff:ff,1,72:8d:bc:2b:01:66,192.168.1.9,00:00:00:00:00:00,192.168.1.188,
1778231150.078365232,72:8d:bc:2b:01:66,ff:ff:ff:ff:ff:ff,1,72:8d:bc:2b:01:66,192.168.1.9,00:00:00:00:00:00,192.168.1.189,
1778231150.078365362,72:8d:bc:2b:01:66,ff:ff:ff:ff:ff:ff,1,72:8d:bc:2b:01:66,192.168.1.9,00:00:00:00:00:00,192.168.1.190,
1778231150.078365412,72:8d:bc:2b:01:66,ff:ff:ff:ff:ff:ff,1,72:8d:bc:2b:01:66,192.168.1.9,00:00:00:00:00:00,192.168.1.191,
1778231150.078365462,72:8d:bc:2b:01:66,ff:ff:ff:ff:ff:ff,1,72:8d:bc:2b:01:66,192.168.1.9,00:00:00:00:00:00,192.168.1.192,
1778231150.078819435,72:8d:bc:2b:01:66,ff:ff:ff:ff:ff:ff,1,72:8d:bc:2b:01:66,192.168.1.9,00:00:00:00:00:00,192.168.1.193,
1778231150.078819566,72:8d:bc:2b:01:66,ff:ff:ff:ff:ff:ff,1,72:8d:bc:2b:01:66,192.168.1.9,00:00:00:00:00:00,192.168.1.196,
1778231150.078819616,72:8d:bc:2b:01:66,ff:ff:ff:ff:ff:ff,1,72:8d:bc:2b:01:66,192.168.1.9,00:00:00:00:00:00,192.168.1.197,
1778231150.078819656,72:8d:bc:2b:01:66,ff:ff:ff:ff:ff:ff,1,72:8d:bc:2b:01:66,192.168.1.9,00:00:00:00:00:00,192.168.1.198,
1778231150.079504989,72:8d:bc:2b:01:66,ff:ff:ff:ff:ff:ff,1,72:8d:bc:2b:01:66,192.168.1.9,00:00:00:00:00:00,192.168.1.199,
1778231150.079505119,72:8d:bc:2b:01:66,ff:ff:ff:ff:ff:ff,1,72:8d:bc:2b:01:66,192.168.1.9,00:00:00:00:00:00,192.168.1.202,
1778231150.079505170,72:8d:bc:2b:01:66,ff:ff:ff:ff:ff:ff,1,72:8d:bc:2b:01:66,192.168.1.9,00:00:00:00:00:00,192.168.1.203,
1778231150.079505219,72:8d:bc:2b:01:66,ff:ff:ff:ff:ff:ff,1,72:8d:bc:2b:01:66,192.168.1.9,00:00:00:00:00:00,192.168.1.204,
1778231150.079505270,72:8d:bc:2b:01:66,ff:ff:ff:ff:ff:ff,1,72:8d:bc:2b:01:66,192.168.1.9,00:00:00:00:00:00,192.168.1.205,
1778231150.080143903,72:8d:bc:2b:01:66,ff:ff:ff:ff:ff:ff,1,72:8d:bc:2b:01:66,192.168.1.9,00:00:00:00:00:00,192.168.1.206,
1778231150.080144033,72:8d:bc:2b:01:66,ff:ff:ff:ff:ff:ff,1,72:8d:bc:2b:01:66,192.168.1.9,00:00:00:00:00:00,192.168.1.209,
1778231150.080144084,72:8d:bc:2b:01:66,ff:ff:ff:ff:ff:ff,1,72:8d:bc:2b:01:66,192.168.1.9,00:00:00:00:00:00,192.168.1.210,
1778231150.080144124,72:8d:bc:2b:01:66,ff:ff:ff:ff:ff:ff,1,72:8d:bc:2b:01:66,192.168.1.9,00:00:00:00:00:00,192.168.1.211,
1778231150.085285618,72:8d:bc:2b:01:66,ff:ff:ff:ff:ff:ff,1,72:8d:bc:2b:01:66,192.168.1.9,00:00:00:00:00:00,192.168.1.212,
1778231150.085285728,72:8d:bc:2b:01:66,ff:ff:ff:ff:ff:ff,1,72:8d:bc:2b:01:66,192.168.1.9,00:00:00:00:00:00,192.168.1.213,
1778231150.085285779,72:8d:bc:2b:01:66,ff:ff:ff:ff:ff:ff,1,72:8d:bc:2b:01:66,192.168.1.9,00:00:00:00:00:00,192.168.1.214,
1778231150.085285829,72:8d:bc:2b:01:66,ff:ff:ff:ff:ff:ff,1,72:8d:bc:2b:01:66,192.168.1.9,00:00:00:00:00:00,192.168.1.215,
1778231150.085285879,72:8d:bc:2b:01:66,ff:ff:ff:ff:ff:ff,1,72:8d:bc:2b:01:66,192.168.1.9,00:00:00:00:00:00,192.168.1.216,
1778231150.085797040,72:8d:bc:2b:01:66,ff:ff:ff:ff:ff:ff,1,72:8d:bc:2b:01:66,192.168.1.9,00:00:00:00:00:00,192.168.1.217,
1778231150.087423693,72:8d:bc:2b:01:66,ff:ff:ff:ff:ff:ff,1,72:8d:bc:2b:01:66,192.168.1.9,00:00:00:00:00:00,192.168.1.218,
1778231150.087423824,72:8d:bc:2b:01:66,ff:ff:ff:ff:ff:ff,1,72:8d:bc:2b:01:66,192.168.1.9,00:00:00:00:00:00,192.168.1.113,
1778231150.087423874,72:8d:bc:2b:01:66,ff:ff:ff:ff:ff:ff,1,72:8d:bc:2b:01:66,192.168.1.9,00:00:00:00:00:00,192.168.1.117,
1778231150.087423924,72:8d:bc:2b:01:66,ff:ff:ff:ff:ff:ff,1,72:8d:bc:2b:01:66,192.168.1.9,00:00:00:00:00:00,192.168.1.118,
1778231150.124092557,72:8d:bc:2b:01:66,ff:ff:ff:ff:ff:ff,1,72:8d:bc:2b:01:66,192.168.1.9,00:00:00:00:00:00,192.168.1.137,
1778231150.125958684,72:8d:bc:2b:01:66,ff:ff:ff:ff:ff:ff,1,72:8d:bc:2b:01:66,192.168.1.9,00:00:00:00:00:00,192.168.1.140,
1778231150.125958925,72:8d:bc:2b:01:66,ff:ff:ff:ff:ff:ff,1,72:8d:bc:2b:01:66,192.168.1.9,00:00:00:00:00:00,192.168.1.141,
1778231150.125959014,72:8d:bc:2b:01:66,ff:ff:ff:ff:ff:ff,1,72:8d:bc:2b:01:66,192.168.1.9,00:00:00:00:00:00,192.168.1.142,
1778231150.125959095,72:8d:bc:2b:01:66,ff:ff:ff:ff:ff:ff,1,72:8d:bc:2b:01:66,192.168.1.9,00:00:00:00:00:00,192.168.1.143,
1778231150.162444269,72:8d:bc:2b:01:66,ff:ff:ff:ff:ff:ff,1,72:8d:bc:2b:01:66,192.168.1.9,00:00:00:00:00:00,192.168.1.146,
1778231150.162444459,72:8d:bc:2b:01:66,ff:ff:ff:ff:ff:ff,1,72:8d:bc:2b:01:66,192.168.1.9,00:00:00:00:00:00,192.168.1.147,
1778231150.162444529,72:8d:bc:2b:01:66,ff:ff:ff:ff:ff:ff,1,72:8d:bc:2b:01:66,192.168.1.9,00:00:00:00:00:00,192.168.1.148,
1778231150.162444609,72:8d:bc:2b:01:66,ff:ff:ff:ff:ff:ff,1,72:8d:bc:2b:01:66,192.168.1.9,00:00:00:00:00:00,192.168.1.149,
1778231150.164207711,72:8d:bc:2b:01:66,ff:ff:ff:ff:ff:ff,1,72:8d:bc:2b:01:66,192.168.1.9,00:00:00:00:00:00,192.168.1.153,
1778231150.164207831,72:8d:bc:2b:01:66,ff:ff:ff:ff:ff:ff,1,72:8d:bc:2b:01:66,192.168.1.9,00:00:00:00:00:00,192.168.1.154,
1778231150.164207882,72:8d:bc:2b:01:66,ff:ff:ff:ff:ff:ff,1,72:8d:bc:2b:01:66,192.168.1.9,00:00:00:00:00:00,192.168.1.186,
1778231150.164207931,72:8d:bc:2b:01:66,ff:ff:ff:ff:ff:ff,1,72:8d:bc:2b:01:66,192.168.1.9,00:00:00:00:00:00,192.168.1.187,
1778231150.164207982,72:8d:bc:2b:01:66,ff:ff:ff:ff:ff:ff,1,72:8d:bc:2b:01:66,192.168.1.9,00:00:00:00:00:00,192.168.1.194,
1778231150.164999065,72:8d:bc:2b:01:66,ff:ff:ff:ff:ff:ff,1,72:8d:bc:2b:01:66,192.168.1.9,00:00:00:00:00:00,192.168.1.195,
1778231150.447631622,72:8d:bc:2b:01:66,ff:ff:ff:ff:ff:ff,1,72:8d:bc:2b:01:66,192.168.1.9,00:00:00:00:00:00,192.168.1.17,
1778231150.447631882,72:8d:bc:2b:01:66,ff:ff:ff:ff:ff:ff,1,72:8d:bc:2b:01:66,192.168.1.9,00:00:00:00:00:00,192.168.1.200,
1778231151.920201266,72:8d:bc:2b:01:66,ff:ff:ff:ff:ff:ff,1,72:8d:bc:2b:01:66,192.168.1.9,00:00:00:00:00:00,192.168.1.0,
1778231151.920201396,72:8d:bc:2b:01:66,ff:ff:ff:ff:ff:ff,1,72:8d:bc:2b:01:66,192.168.1.9,00:00:00:00:00:00,192.168.1.12,
1778231151.920201446,72:8d:bc:2b:01:66,ff:ff:ff:ff:ff:ff,1,72:8d:bc:2b:01:66,192.168.1.9,00:00:00:00:00:00,192.168.1.13,
1778231151.922108211,72:8d:bc:2b:01:66,ff:ff:ff:ff:ff:ff,1,72:8d:bc:2b:01:66,192.168.1.9,00:00:00:00:00:00,192.168.1.18,
1778231151.922108331,72:8d:bc:2b:01:66,ff:ff:ff:ff:ff:ff,1,72:8d:bc:2b:01:66,192.168.1.9,00:00:00:00:00:00,192.168.1.19,
1778231151.922108391,72:8d:bc:2b:01:66,ff:ff:ff:ff:ff:ff,1,72:8d:bc:2b:01:66,192.168.1.9,00:00:00:00:00:00,192.168.1.34,
1778231151.926310737,72:8d:bc:2b:01:66,ff:ff:ff:ff:ff:ff,1,72:8d:bc:2b:01:66,192.168.1.9,00:00:00:00:00:00,192.168.1.35,
1778231151.926310887,72:8d:bc:2b:01:66,ff:ff:ff:ff:ff:ff,1,72:8d:bc:2b:01:66,192.168.1.9,00:00:00:00:00:00,192.168.1.41,
1778231151.926310937,72:8d:bc:2b:01:66,ff:ff:ff:ff:ff:ff,1,72:8d:bc:2b:01:66,192.168.1.9,00:00:00:00:00:00,192.168.1.42,
1778231151.926781261,72:8d:bc:2b:01:66,ff:ff:ff:ff:ff:ff,1,72:8d:bc:2b:01:66,192.168.1.9,00:00:00:00:00:00,192.168.1.51,
1778231151.926781391,72:8d:bc:2b:01:66,ff:ff:ff:ff:ff:ff,1,72:8d:bc:2b:01:66,192.168.1.9,00:00:00:00:00:00,192.168.1.52,
1778231151.926781441,72:8d:bc:2b:01:66,ff:ff:ff:ff:ff:ff,1,72:8d:bc:2b:01:66,192.168.1.9,00:00:00:00:00:00,192.168.1.57,
1778231151.926781492,72:8d:bc:2b:01:66,ff:ff:ff:ff:ff:ff,1,72:8d:bc:2b:01:66,192.168.1.9,00:00:00:00:00:00,192.168.1.58,
1778231152.118952418,72:8d:bc:2b:01:66,ff:ff:ff:ff:ff:ff,1,72:8d:bc:2b:01:66,192.168.1.9,00:00:00:00:00:00,192.168.1.64,
1778231152.118952548,72:8d:bc:2b:01:66,ff:ff:ff:ff:ff:ff,1,72:8d:bc:2b:01:66,192.168.1.9,00:00:00:00:00:00,192.168.1.65,
1778231153.188283855,00:e0:4c:36:70:d5,44:fb:5a:d1:93:49,1,00:e0:4c:36:70:d5,192.168.1.5,00:00:00:00:00:00,192.168.1.1,
1778231153.189569316,44:fb:5a:d1:93:49,00:e0:4c:36:70:d5,2,44:fb:5a:d1:93:49,192.168.1.1,00:e0:4c:36:70:d5,192.168.1.5,
1778231153.313939853,72:8d:bc:2b:01:66,ff:ff:ff:ff:ff:ff,1,72:8d:bc:2b:01:66,192.168.1.9,00:00:00:00:00:00,192.168.1.83,
1778231153.313940124,72:8d:bc:2b:01:66,ff:ff:ff:ff:ff:ff,1,72:8d:bc:2b:01:66,192.168.1.9,00:00:00:00:00:00,192.168.1.84,
1778231153.313940244,72:8d:bc:2b:01:66,ff:ff:ff:ff:ff:ff,1,72:8d:bc:2b:01:66,192.168.1.9,00:00:00:00:00:00,192.168.1.231,
1778231153.313940354,72:8d:bc:2b:01:66,ff:ff:ff:ff:ff:ff,1,72:8d:bc:2b:01:66,192.168.1.9,00:00:00:00:00:00,192.168.1.232,
1778231153.314534673,72:8d:bc:2b:01:66,ff:ff:ff:ff:ff:ff,1,72:8d:bc:2b:01:66,192.168.1.9,00:00:00:00:00:00,192.168.1.233,
1778231153.314534974,72:8d:bc:2b:01:66,ff:ff:ff:ff:ff:ff,1,72:8d:bc:2b:01:66,192.168.1.9,00:00:00:00:00:00,192.168.1.234,
1778231153.314535105,72:8d:bc:2b:01:66,ff:ff:ff:ff:ff:ff,1,72:8d:bc:2b:01:66,192.168.1.9,00:00:00:00:00:00,192.168.1.235,
1778231153.314535205,72:8d:bc:2b:01:66,ff:ff:ff:ff:ff:ff,1,72:8d:bc:2b:01:66,192.168.1.9,00:00:00:00:00:00,192.168.1.236,
1778231153.314988175,72:8d:bc:2b:01:66,ff:ff:ff:ff:ff:ff,1,72:8d:bc:2b:01:66,192.168.1.9,00:00:00:00:00:00,192.168.1.237,
1778231153.314988315,72:8d:bc:2b:01:66,ff:ff:ff:ff:ff:ff,1,72:8d:bc:2b:01:66,192.168.1.9,00:00:00:00:00:00,192.168.1.238,
1778231153.314988386,72:8d:bc:2b:01:66,ff:ff:ff:ff:ff:ff,1,72:8d:bc:2b:01:66,192.168.1.9,00:00:00:00:00:00,192.168.1.239,
1778231153.314988455,72:8d:bc:2b:01:66,ff:ff:ff:ff:ff:ff,1,72:8d:bc:2b:01:66,192.168.1.9,00:00:00:00:00:00,192.168.1.242,
1778231153.315474618,72:8d:bc:2b:01:66,ff:ff:ff:ff:ff:ff,1,72:8d:bc:2b:01:66,192.168.1.9,00:00:00:00:00:00,192.168.1.243,
1778231153.315474769,72:8d:bc:2b:01:66,ff:ff:ff:ff:ff:ff,1,72:8d:bc:2b:01:66,192.168.1.9,00:00:00:00:00:00,192.168.1.244,
1778231153.315474818,72:8d:bc:2b:01:66,ff:ff:ff:ff:ff:ff,1,72:8d:bc:2b:01:66,192.168.1.9,00:00:00:00:00:00,192.168.1.245,
1778231153.315474878,72:8d:bc:2b:01:66,ff:ff:ff:ff:ff:ff,1,72:8d:bc:2b:01:66,192.168.1.9,00:00:00:00:00:00,192.168.1.246,
1778231153.315992472,72:8d:bc:2b:01:66,ff:ff:ff:ff:ff:ff,1,72:8d:bc:2b:01:66,192.168.1.9,00:00:00:00:00:00,192.168.1.247,
1778231153.315992613,72:8d:bc:2b:01:66,ff:ff:ff:ff:ff:ff,1,72:8d:bc:2b:01:66,192.168.1.9,00:00:00:00:00:00,192.168.1.250,
1778231153.315992673,72:8d:bc:2b:01:66,ff:ff:ff:ff:ff:ff,1,72:8d:bc:2b:01:66,192.168.1.9,00:00:00:00:00:00,192.168.1.251,
1778231153.315992733,72:8d:bc:2b:01:66,ff:ff:ff:ff:ff:ff,1,72:8d:bc:2b:01:66,192.168.1.9,00:00:00:00:00:00,192.168.1.252,
1778231153.315992783,72:8d:bc:2b:01:66,ff:ff:ff:ff:ff:ff,1,72:8d:bc:2b:01:66,192.168.1.9,00:00:00:00:00:00,192.168.1.253,
1778231153.316604193,72:8d:bc:2b:01:66,ff:ff:ff:ff:ff:ff,1,72:8d:bc:2b:01:66,192.168.1.9,00:00:00:00:00:00,192.168.1.17,
1778231153.316604334,72:8d:bc:2b:01:66,ff:ff:ff:ff:ff:ff,1,72:8d:bc:2b:01:66,192.168.1.9,00:00:00:00:00:00,192.168.1.219,
1778231153.316604403,72:8d:bc:2b:01:66,ff:ff:ff:ff:ff:ff,1,72:8d:bc:2b:01:66,192.168.1.9,00:00:00:00:00:00,192.168.1.220,
1778231153.316604484,72:8d:bc:2b:01:66,ff:ff:ff:ff:ff:ff,1,72:8d:bc:2b:01:66,192.168.1.9,00:00:00:00:00:00,192.168.1.221,
1778231153.317118611,72:8d:bc:2b:01:66,ff:ff:ff:ff:ff:ff,1,72:8d:bc:2b:01:66,192.168.1.9,00:00:00:00:00:00,192.168.1.222,
1778231153.317118751,72:8d:bc:2b:01:66,ff:ff:ff:ff:ff:ff,1,72:8d:bc:2b:01:66,192.168.1.9,00:00:00:00:00:00,192.168.1.223,
1778231153.317118811,72:8d:bc:2b:01:66,ff:ff:ff:ff:ff:ff,1,72:8d:bc:2b:01:66,192.168.1.9,00:00:00:00:00:00,192.168.1.224,
1778231153.317118871,72:8d:bc:2b:01:66,ff:ff:ff:ff:ff:ff,1,72:8d:bc:2b:01:66,192.168.1.9,00:00:00:00:00:00,192.168.1.225,
1778231153.317620354,72:8d:bc:2b:01:66,ff:ff:ff:ff:ff:ff,1,72:8d:bc:2b:01:66,192.168.1.9,00:00:00:00:00:00,192.168.1.226,
1778231153.317620504,72:8d:bc:2b:01:66,ff:ff:ff:ff:ff:ff,1,72:8d:bc:2b:01:66,192.168.1.9,00:00:00:00:00:00,192.168.1.227,
1778231153.317620564,72:8d:bc:2b:01:66,ff:ff:ff:ff:ff:ff,1,72:8d:bc:2b:01:66,192.168.1.9,00:00:00:00:00:00,192.168.1.228,
1778231153.317620614,72:8d:bc:2b:01:66,ff:ff:ff:ff:ff:ff,1,72:8d:bc:2b:01:66,192.168.1.9,00:00:00:00:00:00,192.168.1.229,
1778231153.317620664,72:8d:bc:2b:01:66,ff:ff:ff:ff:ff:ff,1,72:8d:bc:2b:01:66,192.168.1.9,00:00:00:00:00:00,192.168.1.230,
1778231153.318278422,72:8d:bc:2b:01:66,ff:ff:ff:ff:ff:ff,1,72:8d:bc:2b:01:66,192.168.1.9,00:00:00:00:00:00,192.168.1.240,
1778231153.318278553,72:8d:bc:2b:01:66,ff:ff:ff:ff:ff:ff,1,72:8d:bc:2b:01:66,192.168.1.9,00:00:00:00:00:00,192.168.1.241,
1778231153.318278613,72:8d:bc:2b:01:66,ff:ff:ff:ff:ff:ff,1,72:8d:bc:2b:01:66,192.168.1.9,00:00:00:00:00:00,192.168.1.248,
1778231153.318278673,72:8d:bc:2b:01:66,ff:ff:ff:ff:ff:ff,1,72:8d:bc:2b:01:66,192.168.1.9,00:00:00:00:00:00,192.168.1.249,
1778231153.323432541,72:8d:bc:2b:01:66,ff:ff:ff:ff:ff:ff,1,72:8d:bc:2b:01:66,192.168.1.9,00:00:00:00:00:00,192.168.1.254,
1778231153.323432882,72:8d:bc:2b:01:66,ff:ff:ff:ff:ff:ff,1,72:8d:bc:2b:01:66,192.168.1.9,00:00:00:00:00:00,192.168.1.255,
1778231153.323433022,72:8d:bc:2b:01:66,ff:ff:ff:ff:ff:ff,1,72:8d:bc:2b:01:66,192.168.1.9,00:00:00:00:00:00,192.168.1.28,
1778231153.323433152,72:8d:bc:2b:01:66,ff:ff:ff:ff:ff:ff,1,72:8d:bc:2b:01:66,192.168.1.9,00:00:00:00:00:00,192.168.1.29,
1778231153.323433283,72:8d:bc:2b:01:66,ff:ff:ff:ff:ff:ff,1,72:8d:bc:2b:01:66,192.168.1.9,00:00:00:00:00:00,192.168.1.74,
1778231153.325147498,72:8d:bc:2b:01:66,ff:ff:ff:ff:ff:ff,1,72:8d:bc:2b:01:66,192.168.1.9,00:00:00:00:00:00,192.168.1.92,
1778231153.327286209,72:8d:bc:2b:01:66,ff:ff:ff:ff:ff:ff,1,72:8d:bc:2b:01:66,192.168.1.9,00:00:00:00:00:00,192.168.1.99,
1778231153.327286340,72:8d:bc:2b:01:66,ff:ff:ff:ff:ff:ff,1,72:8d:bc:2b:01:66,192.168.1.9,00:00:00:00:00:00,192.168.1.105,
1778231153.327286389,72:8d:bc:2b:01:66,ff:ff:ff:ff:ff:ff,1,72:8d:bc:2b:01:66,192.168.1.9,00:00:00:00:00:00,192.168.1.106,
1778231153.327286450,72:8d:bc:2b:01:66,ff:ff:ff:ff:ff:ff,1,72:8d:bc:2b:01:66,192.168.1.9,00:00:00:00:00:00,192.168.1.112,
1778231153.362056360,72:8d:bc:2b:01:66,ff:ff:ff:ff:ff:ff,1,72:8d:bc:2b:01:66,192.168.1.9,00:00:00:00:00:00,192.168.1.126,
1778231153.363830429,72:8d:bc:2b:01:66,ff:ff:ff:ff:ff:ff,1,72:8d:bc:2b:01:66,192.168.1.9,00:00:00:00:00:00,192.168.1.138,
1778231153.363830769,72:8d:bc:2b:01:66,ff:ff:ff:ff:ff:ff,1,72:8d:bc:2b:01:66,192.168.1.9,00:00:00:00:00:00,192.168.1.139,
1778231153.363830880,72:8d:bc:2b:01:66,ff:ff:ff:ff:ff:ff,1,72:8d:bc:2b:01:66,192.168.1.9,00:00:00:00:00:00,192.168.1.144,
1778231153.365833082,72:8d:bc:2b:01:66,ff:ff:ff:ff:ff:ff,1,72:8d:bc:2b:01:66,192.168.1.9,00:00:00:00:00:00,192.168.1.150,
1778231153.400348048,72:8d:bc:2b:01:66,ff:ff:ff:ff:ff:ff,1,72:8d:bc:2b:01:66,192.168.1.9,00:00:00:00:00:00,192.168.1.201,
1778231153.400348318,72:8d:bc:2b:01:66,ff:ff:ff:ff:ff:ff,1,72:8d:bc:2b:01:66,192.168.1.9,00:00:00:00:00:00,192.168.1.207,
1778231153.400348438,72:8d:bc:2b:01:66,ff:ff:ff:ff:ff:ff,1,72:8d:bc:2b:01:66,192.168.1.9,00:00:00:00:00:00,192.168.1.208,
1778231153.400348549,72:8d:bc:2b:01:66,ff:ff:ff:ff:ff:ff,1,72:8d:bc:2b:01:66,192.168.1.9,00:00:00:00:00:00,192.168.1.75,
1778231153.402118851,72:8d:bc:2b:01:66,ff:ff:ff:ff:ff:ff,1,72:8d:bc:2b:01:66,192.168.1.9,00:00:00:00:00:00,192.168.1.93,
1778231153.402118981,72:8d:bc:2b:01:66,ff:ff:ff:ff:ff:ff,1,72:8d:bc:2b:01:66,192.168.1.9,00:00:00:00:00:00,192.168.1.98,
1778231153.402119032,72:8d:bc:2b:01:66,ff:ff:ff:ff:ff:ff,1,72:8d:bc:2b:01:66,192.168.1.9,00:00:00:00:00:00,192.168.1.127,
1778231153.402119081,72:8d:bc:2b:01:66,ff:ff:ff:ff:ff:ff,1,72:8d:bc:2b:01:66,192.168.1.9,00:00:00:00:00:00,192.168.1.145,
1778231154.328190612,72:8d:bc:2b:01:66,ff:ff:ff:ff:ff:ff,1,72:8d:bc:2b:01:66,192.168.1.9,00:00:00:00:00:00,192.168.1.17,
1778231154.328190822,72:8d:bc:2b:01:66,ff:ff:ff:ff:ff:ff,1,72:8d:bc:2b:01:66,192.168.1.9,00:00:00:00:00:00,192.168.1.113,
1778231154.328190913,72:8d:bc:2b:01:66,ff:ff:ff:ff:ff:ff,1,72:8d:bc:2b:01:66,192.168.1.9,00:00:00:00:00:00,192.168.1.117,
1778231154.328190993,72:8d:bc:2b:01:66,ff:ff:ff:ff:ff:ff,1,72:8d:bc:2b:01:66,192.168.1.9,00:00:00:00:00:00,192.168.1.118,
1778231154.362378836,72:8d:bc:2b:01:66,ff:ff:ff:ff:ff:ff,1,72:8d:bc:2b:01:66,192.168.1.9,00:00:00:00:00:00,192.168.1.137,
1778231154.363818278,72:8d:bc:2b:01:66,ff:ff:ff:ff:ff:ff,1,72:8d:bc:2b:01:66,192.168.1.9,00:00:00:00:00:00,192.168.1.140,
1778231154.541101535,72:8d:bc:2b:01:66,ff:ff:ff:ff:ff:ff,1,72:8d:bc:2b:01:66,192.168.1.9,00:00:00:00:00:00,192.168.1.141,
1778231154.541101795,72:8d:bc:2b:01:66,ff:ff:ff:ff:ff:ff,1,72:8d:bc:2b:01:66,192.168.1.9,00:00:00:00:00:00,192.168.1.142,
1778231154.541101915,72:8d:bc:2b:01:66,ff:ff:ff:ff:ff:ff,1,72:8d:bc:2b:01:66,192.168.1.9,00:00:00:00:00:00,192.168.1.143,
1778231154.542837662,72:8d:bc:2b:01:66,ff:ff:ff:ff:ff:ff,1,72:8d:bc:2b:01:66,192.168.1.9,00:00:00:00:00:00,192.168.1.146,
1778231154.542837791,72:8d:bc:2b:01:66,ff:ff:ff:ff:ff:ff,1,72:8d:bc:2b:01:66,192.168.1.9,00:00:00:00:00:00,192.168.1.147,
1778231154.542837842,72:8d:bc:2b:01:66,ff:ff:ff:ff:ff:ff,1,72:8d:bc:2b:01:66,192.168.1.9,00:00:00:00:00:00,192.168.1.148,
1778231154.547179063,72:8d:bc:2b:01:66,ff:ff:ff:ff:ff:ff,1,72:8d:bc:2b:01:66,192.168.1.9,00:00:00:00:00:00,192.168.1.149,
1778231154.547179353,72:8d:bc:2b:01:66,ff:ff:ff:ff:ff:ff,1,72:8d:bc:2b:01:66,192.168.1.9,00:00:00:00:00:00,192.168.1.153,
1778231154.547179474,72:8d:bc:2b:01:66,ff:ff:ff:ff:ff:ff,1,72:8d:bc:2b:01:66,192.168.1.9,00:00:00:00:00:00,192.168.1.154,
1778231154.547179594,72:8d:bc:2b:01:66,ff:ff:ff:ff:ff:ff,1,72:8d:bc:2b:01:66,192.168.1.9,00:00:00:00:00:00,192.168.1.186,
1778231154.547616553,72:8d:bc:2b:01:66,ff:ff:ff:ff:ff:ff,1,72:8d:bc:2b:01:66,192.168.1.9,00:00:00:00:00:00,192.168.1.187,
1778231154.547616824,72:8d:bc:2b:01:66,ff:ff:ff:ff:ff:ff,1,72:8d:bc:2b:01:66,192.168.1.9,00:00:00:00:00:00,192.168.1.194,
1778231154.547616934,72:8d:bc:2b:01:66,ff:ff:ff:ff:ff:ff,1,72:8d:bc:2b:01:66,192.168.1.9,00:00:00:00:00:00,192.168.1.195,
1778231154.740014304,72:8d:bc:2b:01:66,ff:ff:ff:ff:ff:ff,1,72:8d:bc:2b:01:66,192.168.1.9,00:00:00:00:00:00,192.168.1.200,
1778231156.457277846,72:8d:bc:2b:01:66,ff:ff:ff:ff:ff:ff,1,72:8d:bc:2b:01:66,192.168.1.9,00:00:00:00:00:00,192.168.1.219,
1778231156.457278027,72:8d:bc:2b:01:66,ff:ff:ff:ff:ff:ff,1,72:8d:bc:2b:01:66,192.168.1.9,00:00:00:00:00:00,192.168.1.220,
1778231156.457278107,72:8d:bc:2b:01:66,ff:ff:ff:ff:ff:ff,1,72:8d:bc:2b:01:66,192.168.1.9,00:00:00:00:00:00,192.168.1.221,
1778231156.457278177,72:8d:bc:2b:01:66,ff:ff:ff:ff:ff:ff,1,72:8d:bc:2b:01:66,192.168.1.9,00:00:00:00:00:00,192.168.1.222,
1778231156.457653889,72:8d:bc:2b:01:66,ff:ff:ff:ff:ff:ff,1,72:8d:bc:2b:01:66,192.168.1.9,00:00:00:00:00:00,192.168.1.223,
1778231156.457654080,72:8d:bc:2b:01:66,ff:ff:ff:ff:ff:ff,1,72:8d:bc:2b:01:66,192.168.1.9,00:00:00:00:00:00,192.168.1.224,
1778231156.457654150,72:8d:bc:2b:01:66,ff:ff:ff:ff:ff:ff,1,72:8d:bc:2b:01:66,192.168.1.9,00:00:00:00:00:00,192.168.1.225,
1778231156.457654220,72:8d:bc:2b:01:66,ff:ff:ff:ff:ff:ff,1,72:8d:bc:2b:01:66,192.168.1.9,00:00:00:00:00:00,192.168.1.226,
1778231156.458100076,72:8d:bc:2b:01:66,ff:ff:ff:ff:ff:ff,1,72:8d:bc:2b:01:66,192.168.1.9,00:00:00:00:00:00,192.168.1.227,
1778231156.458100266,72:8d:bc:2b:01:66,ff:ff:ff:ff:ff:ff,1,72:8d:bc:2b:01:66,192.168.1.9,00:00:00:00:00:00,192.168.1.228,
1778231156.458100336,72:8d:bc:2b:01:66,ff:ff:ff:ff:ff:ff,1,72:8d:bc:2b:01:66,192.168.1.9,00:00:00:00:00:00,192.168.1.229,
1778231156.458100407,72:8d:bc:2b:01:66,ff:ff:ff:ff:ff:ff,1,72:8d:bc:2b:01:66,192.168.1.9,00:00:00:00:00:00,192.168.1.230,
1778231156.458676429,72:8d:bc:2b:01:66,ff:ff:ff:ff:ff:ff,1,72:8d:bc:2b:01:66,192.168.1.9,00:00:00:00:00:00,192.168.1.240,
1778231156.458676610,72:8d:bc:2b:01:66,ff:ff:ff:ff:ff:ff,1,72:8d:bc:2b:01:66,192.168.1.9,00:00:00:00:00:00,192.168.1.241,
1778231156.458676690,72:8d:bc:2b:01:66,ff:ff:ff:ff:ff:ff,1,72:8d:bc:2b:01:66,192.168.1.9,00:00:00:00:00:00,192.168.1.248,
1778231156.459273502,72:8d:bc:2b:01:66,ff:ff:ff:ff:ff:ff,1,72:8d:bc:2b:01:66,192.168.1.9,00:00:00:00:00:00,192.168.1.249,
1778231156.463440448,72:8d:bc:2b:01:66,ff:ff:ff:ff:ff:ff,1,72:8d:bc:2b:01:66,192.168.1.9,00:00:00:00:00:00,192.168.1.17,
1778231156.463440628,72:8d:bc:2b:01:66,ff:ff:ff:ff:ff:ff,1,72:8d:bc:2b:01:66,192.168.1.9,00:00:00:00:00:00,192.168.1.28,
1778231156.463440698,72:8d:bc:2b:01:66,ff:ff:ff:ff:ff:ff,1,72:8d:bc:2b:01:66,192.168.1.9,00:00:00:00:00:00,192.168.1.29,
1778231156.463440768,72:8d:bc:2b:01:66,ff:ff:ff:ff:ff:ff,1,72:8d:bc:2b:01:66,192.168.1.9,00:00:00:00:00:00,192.168.1.74,
1778231156.463440839,72:8d:bc:2b:01:66,ff:ff:ff:ff:ff:ff,1,72:8d:bc:2b:01:66,192.168.1.9,00:00:00:00:00:00,192.168.1.254,
1778231156.464068489,72:8d:bc:2b:01:66,ff:ff:ff:ff:ff:ff,1,72:8d:bc:2b:01:66,192.168.1.9,00:00:00:00:00:00,192.168.1.255,
1778231156.465505395,72:8d:bc:2b:01:66,ff:ff:ff:ff:ff:ff,1,72:8d:bc:2b:01:66,192.168.1.9,00:00:00:00:00:00,192.168.1.92,
1778231156.467928953,72:8d:bc:2b:01:66,ff:ff:ff:ff:ff:ff,1,72:8d:bc:2b:01:66,192.168.1.9,00:00:00:00:00:00,192.168.1.99,
1778231156.467929194,72:8d:bc:2b:01:66,ff:ff:ff:ff:ff:ff,1,72:8d:bc:2b:01:66,192.168.1.9,00:00:00:00:00:00,192.168.1.105,
1778231156.467929294,72:8d:bc:2b:01:66,ff:ff:ff:ff:ff:ff,1,72:8d:bc:2b:01:66,192.168.1.9,00:00:00:00:00:00,192.168.1.106,
1778231156.467929394,72:8d:bc:2b:01:66,ff:ff:ff:ff:ff:ff,1,72:8d:bc:2b:01:66,192.168.1.9,00:00:00:00:00:00,192.168.1.112,
1778231156.502423094,72:8d:bc:2b:01:66,ff:ff:ff:ff:ff:ff,1,72:8d:bc:2b:01:66,192.168.1.9,00:00:00:00:00:00,192.168.1.126,
1778231156.504406978,72:8d:bc:2b:01:66,ff:ff:ff:ff:ff:ff,1,72:8d:bc:2b:01:66,192.168.1.9,00:00:00:00:00:00,192.168.1.138,
1778231156.504407118,72:8d:bc:2b:01:66,ff:ff:ff:ff:ff:ff,1,72:8d:bc:2b:01:66,192.168.1.9,00:00:00:00:00:00,192.168.1.139,
1778231156.504407178,72:8d:bc:2b:01:66,ff:ff:ff:ff:ff:ff,1,72:8d:bc:2b:01:66,192.168.1.9,00:00:00:00:00:00,192.168.1.144,
1778231156.506323113,72:8d:bc:2b:01:66,ff:ff:ff:ff:ff:ff,1,72:8d:bc:2b:01:66,192.168.1.9,00:00:00:00:00:00,192.168.1.150,
1778231156.540533557,72:8d:bc:2b:01:66,ff:ff:ff:ff:ff:ff,1,72:8d:bc:2b:01:66,192.168.1.9,00:00:00:00:00:00,192.168.1.75,
1778231156.540533797,72:8d:bc:2b:01:66,ff:ff:ff:ff:ff:ff,1,72:8d:bc:2b:01:66,192.168.1.9,00:00:00:00:00:00,192.168.1.201,
1778231156.540533897,72:8d:bc:2b:01:66,ff:ff:ff:ff:ff:ff,1,72:8d:bc:2b:01:66,192.168.1.9,00:00:00:00:00:00,192.168.1.207,
1778231156.540533997,72:8d:bc:2b:01:66,ff:ff:ff:ff:ff:ff,1,72:8d:bc:2b:01:66,192.168.1.9,00:00:00:00:00:00,192.168.1.208,
1778231156.542474809,72:8d:bc:2b:01:66,ff:ff:ff:ff:ff:ff,1,72:8d:bc:2b:01:66,192.168.1.9,00:00:00:00:00:00,192.168.1.93,
1778231156.542474940,72:8d:bc:2b:01:66,ff:ff:ff:ff:ff:ff,1,72:8d:bc:2b:01:66,192.168.1.9,00:00:00:00:00:00,192.168.1.98,
1778231156.542474990,72:8d:bc:2b:01:66,ff:ff:ff:ff:ff:ff,1,72:8d:bc:2b:01:66,192.168.1.9,00:00:00:00:00:00,192.168.1.127,
1778231156.542475030,72:8d:bc:2b:01:66,ff:ff:ff:ff:ff:ff,1,72:8d:bc:2b:01:66,192.168.1.9,00:00:00:00:00:00,192.168.1.145,
1778231158.307524426,72:8d:bc:2b:01:66,ff:ff:ff:ff:ff:ff,1,72:8d:bc:2b:01:66,192.168.1.9,00:00:00:00:00:00,192.168.1.17,
1778231193.258578682,44:fb:5a:d1:93:49,00:e0:4c:36:70:d5,1,44:fb:5a:d1:93:49,192.168.1.1,00:00:00:00:00:00,192.168.1.5,
1778231193.258594080,00:e0:4c:36:70:d5,44:fb:5a:d1:93:49,2,00:e0:4c:36:70:d5,192.168.1.5,44:fb:5a:d1:93:49,192.168.1.1,
1778231193.636301399,00:e0:4c:36:70:d5,44:fb:5a:d1:93:49,1,00:e0:4c:36:70:d5,192.168.1.5,00:00:00:00:00:00,192.168.1.1,
1778231193.637534742,44:fb:5a:d1:93:49,00:e0:4c:36:70:d5,2,44:fb:5a:d1:93:49,192.168.1.1,00:e0:4c:36:70:d5,192.168.1.5,
1778231197.589807031,72:8d:bc:2b:01:66,ff:ff:ff:ff:ff:ff,1,72:8d:bc:2b:01:66,192.168.1.9,00:00:00:00:00:00,192.168.1.5,
1778231197.589823593,00:e0:4c:36:70:d5,72:8d:bc:2b:01:66,2,00:e0:4c:36:70:d5,192.168.1.5,72:8d:bc:2b:01:66,192.168.1.9,
1778231197.599869783,72:8d:bc:2b:01:66,ff:ff:ff:ff:ff:ff,1,72:8d:bc:2b:01:66,192.168.1.9,00:00:00:00:00:00,192.168.1.1,
1778231198.611761284,72:8d:bc:2b:01:66,00:e0:4c:36:70:d5,2,72:8d:bc:2b:01:66,192.168.1.1,00:e0:4c:36:70:d5,192.168.1.5,
1778231199.622023174,72:8d:bc:2b:01:66,00:e0:4c:36:70:d5,2,72:8d:bc:2b:01:66,192.168.1.1,00:e0:4c:36:70:d5,192.168.1.5,
1778231200.632312370,72:8d:bc:2b:01:66,00:e0:4c:36:70:d5,2,72:8d:bc:2b:01:66,192.168.1.1,00:e0:4c:36:70:d5,192.168.1.5,
1778231201.642485606,72:8d:bc:2b:01:66,00:e0:4c:36:70:d5,2,72:8d:bc:2b:01:66,192.168.1.1,00:e0:4c:36:70:d5,192.168.1.5,
1778231202.652934103,72:8d:bc:2b:01:66,00:e0:4c:36:70:d5,2,72:8d:bc:2b:01:66,192.168.1.1,00:e0:4c:36:70:d5,192.168.1.5,
1778231212.663087370,72:8d:bc:2b:01:66,00:e0:4c:36:70:d5,2,72:8d:bc:2b:01:66,192.168.1.1,00:e0:4c:36:70:d5,192.168.1.5,
1778231218.252177111,72:8d:bc:2b:01:66,ff:ff:ff:ff:ff:ff,1,72:8d:bc:2b:01:66,192.168.1.9,00:00:00:00:00:00,192.168.1.5,
1778231218.252193081,00:e0:4c:36:70:d5,72:8d:bc:2b:01:66,2,00:e0:4c:36:70:d5,192.168.1.5,72:8d:bc:2b:01:66,192.168.1.9,
1778231222.673490369,72:8d:bc:2b:01:66,00:e0:4c:36:70:d5,2,72:8d:bc:2b:01:66,192.168.1.1,00:e0:4c:36:70:d5,192.168.1.5,
1778231232.683764508,72:8d:bc:2b:01:66,00:e0:4c:36:70:d5,2,72:8d:bc:2b:01:66,192.168.1.1,00:e0:4c:36:70:d5,192.168.1.5,
1778231242.693811821,72:8d:bc:2b:01:66,00:e0:4c:36:70:d5,2,72:8d:bc:2b:01:66,192.168.1.1,00:e0:4c:36:70:d5,192.168.1.5,
1778231249.903320222,72:8d:bc:2b:01:66,00:e0:4c:36:70:d5,1,72:8d:bc:2b:01:66,192.168.1.9,00:00:00:00:00:00,192.168.1.5,
1778231249.903346020,00:e0:4c:36:70:d5,72:8d:bc:2b:01:66,2,00:e0:4c:36:70:d5,192.168.1.5,72:8d:bc:2b:01:66,192.168.1.9,
1778231252.703956558,72:8d:bc:2b:01:66,00:e0:4c:36:70:d5,2,72:8d:bc:2b:01:66,192.168.1.1,00:e0:4c:36:70:d5,192.168.1.5,
